hostname,KOI,Prot,e_Prot,db
Kepler-1206,2355,18.467,0.004,mcq13
Kepler-49,248,18.507,0.009,mcq13
Kepler-1872,2734,10.838,0.004,mcq13
Kepler-529,339,27.584,3.939,mcq13
Kepler-402,2722,8.959,0.114,mcq13
Kepler-84,1589,19.32,0.444,mcq13
Kepler-1011,1911,17.263,0.037,mcq13
Kepler-27,841,14.741,0.011,mcq13
Kepler-436,2529,16.005,0.004,mcq13
Kepler-619,601,11.004,0.004,mcq13
Kepler-350,2025,3.158,0.741,mcq13
Kepler-1245,2458,25.766,0.447,mcq13
Kepler-61,1361,35.078,0.924,mcq13
Kepler-898,1584,32.049,0.027,mcq13
Kepler-241,842,37.595,0.342,mcq13
Kepler-314,1692,25.684,1.272,mcq13
Kepler-51,620,8.222,0.007,mcq13
Kepler-658,739,38.684,0.257,mcq13
Kepler-227,752,24.924,2.799,mcq13
Kepler-260,986,19.203,0.005,mcq13
Kepler-1089,2090,36.421,0.051,mcq13
Kepler-1124,2156,28.464,0.088,mcq13
Kepler-235,812,38.562,0.099,mcq13
Kepler-642,673,4.79,0.172,mcq13
Kepler-551,430,16.064,0.01,mcq13
Kepler-243,857,26.234,3.926,mcq13
Kepler-221,720,9.399,0.004,mcq13
KOI-217,217,19.768,0.096,mcq13
Kepler-412,202,17.343,1.751,mcq13
Kepler-254,934,24.523,0.114,mcq13
Kepler-1009,1907,18.181,0.006,mcq13
Kepler-236,817,15.433,0.005,mcq13
Kepler-1381,2898,14.524,0.021,mcq13
Kepler-703,851,7.654,0.009,mcq13
Kepler-616,593,15.084,0.025,mcq13
Kepler-1712,247,16.367,0.011,mcq13
Kepler-522,318,4.919,0.007,mcq13
Kepler-1335,2747,23.411,0.016,mcq13
Kepler-1285,2593,8.667,0.088,mcq13
Kepler-383,2413,29.778,0.214,mcq13
Kepler-1882,2848,22.999,0.041,mcq13
Kepler-664,755,20.479,0.435,mcq13
Kepler-450,279,20.796,0.016,mcq13
Kepler-617,596,37.726,0.193,mcq13
Kepler-346,1978,22.223,0.143,mcq13
Kepler-211,678,13.845,0.007,mcq13
Kepler-257,941,21.679,0.042,mcq13
Kepler-1724,599,20.082,2.279,mcq13
Kepler-267,1078,21.627,0.215,mcq13
Kepler-1205,2350,10.909,0.003,mcq13
Kepler-1749,1408,25.488,0.028,mcq13
Kepler-1814,2250,24.32,0.02,mcq13
Kepler-1067,2039,17.422,0.024,mcq13
Kepler-336,1916,10.258,0.06,mcq13
Kepler-1793,2091,19.19,1.129,mcq13
Kepler-252,912,11.055,0.003,mcq13
Kepler-1181,2303,2.444,0.091,mcq13
Kepler-1107,2119,17.985,0.019,mcq13
Kepler-975,1845,39.707,0.265,mcq13
Kepler-423,183,22.047,0.121,mcq13
Kepler-65,85,7.911,0.155,mcq13
Kepler-1395,2961,11.871,0.075,mcq13
Kepler-1995,2037,10.74,0.006,mcq13
Kepler-1295,2625,16.526,0.022,mcq13
Kepler-349,2022,7.799,0.001,mcq13
Kepler-1815,2259,23.131,0.456,mcq13
Kepler-464,107,17.332,0.133,mcq13
Kepler-1782,1985,25.791,0.223,mcq13
Kepler-229,757,15.94,0.615,mcq13
Kepler-198,624,15.369,0.01,mcq13
Kepler-670,767,24.066,0.092,mcq13
Kepler-1197,2339,18.057,0.013,mcq13
Kepler-118,216,27.678,0.035,mcq13
Kepler-561,464,26.336,0.121,mcq13
Kepler-134,295,15.72,1.388,mcq13
Kepler-26,250,17.918,0.005,mcq13
Kepler-159,448,10.466,0.004,mcq13
Kepler-354,2045,28.364,0.088,mcq13
Kepler-859,1480,26.757,0.058,mcq13
Kepler-1062,2031,15.786,0.025,mcq13
Kepler-1833,2367,11.216,0.065,mcq13
Kepler-722,911,18.524,0.079,mcq13
Kepler-199,638,17.787,0.309,mcq13
Kepler-1650,1702,34.4,0.172,mcq13
Kepler-210,676,12.314,0.003,mcq13
Kepler-1681,2132,21.572,0.512,mcq13
Kepler-333,1908,24.23,0.039,mcq13
Kepler-203,658,15.238,1.856,mcq13
Kepler-1439,3144,32.785,6.015,mcq13
Kepler-1202,2346,20.532,3.037,mcq13
Kepler-1840,2469,36.823,0.607,mcq13
Kepler-780,1150,33.043,0.49,mcq13
Kepler-353,2036,32.402,0.028,mcq13
Kepler-1389,2931,31.324,3.068,mcq13
Kepler-127,271,10.117,0.213,mcq13
Kepler-716,892,23.593,0.069,mcq13
KOI-984,984,7.978,0.005,mcq13
Kepler-411,1781,10.44,0.002,mcq13
Kepler-564,470,18.987,0.065,mcq13
Kepler-138,314,19.394,0.013,mcq13
Kepler-878,1521,31.046,0.378,mcq13
Kepler-610,581,18.139,0.051,mcq13
Kepler-304,1557,14.176,0.004,mcq13
Kepler-447,1800,6.459,0.003,mcq13
Kepler-1167,2266,28.078,0.172,mcq13
Kepler-1779,1969,12.666,0.094,mcq13
Kepler-1153,2242,16.185,0.027,mcq13
Kepler-1770,1842,11.223,0.015,mcq13
Kepler-191,582,21.246,0.009,mcq13
Kepler-917,1637,12.953,0.065,mcq13
Kepler-326,1835,9.646,0.002,mcq13
Kepler-327,1867,25.09,4.406,mcq13
Kepler-296,1422,35.856,0.056,mcq13
Kepler-580,503,30.724,0.212,mcq13
Kepler-615,588,20.965,0.053,mcq13
Kepler-193,590,13.302,0.411,mcq13
Kepler-560,463,49.93,0.301,mcq13
KOI-12,12,1.245,0.124,mcq13
Kepler-1048,2005,16.002,0.014,mcq13
Kepler-1254,2485,23.318,0.087,mcq13
Kepler-1692,2849,33.389,0.127,mcq13
Kepler-1788,2060,21.966,0.024,mcq13
Kepler-334,1909,16.675,0.115,mcq13
Kepler-148,398,29.205,0.103,mcq13
Kepler-1756,1590,32.244,3.861,mcq13
Kepler-954,1797,10.821,0.003,mcq13
Kepler-668,765,18.958,0.044,mcq13
Kepler-1388,2926,23.907,0.066,mcq13
Kepler-416,1860,21.473,1.376,mcq13
Kepler-723,913,24.865,2.729,mcq13
Kepler-989,1870,33.227,0.989,mcq13
Kepler-102,82,26.572,0.153,mcq13
Kepler-1656,367,23.373,2.254,mcq13
Kepler-674,778,35.835,0.033,mcq13
Kepler-25,244,23.147,0.039,mcq13
Kepler-1669,1475,26.839,0.026,mcq13
Kepler-111,139,16.957,0.105,mcq13
Kepler-753,1024,21.721,0.028,mcq13
Kepler-787,1202,36.409,0.087,mcq13
Kepler-358,2080,21.723,0.047,mcq13
Kepler-593,538,17.233,0.354,mcq13
Kepler-718,897,14.979,0.322,mcq13
Kepler-1179,2300,28.694,1.749,mcq13
Kepler-1342,2778,25.386,3.175,mcq13
Kepler-1845,2490,22.749,0.06,mcq13
Kepler-1880,2835,23.531,0.007,mcq13
Kepler-523,323,7.643,0.006,mcq13
Kepler-1978,1942,21.23,0.052,mcq13
Kepler-141,338,30.772,6.044,mcq13
Kepler-307,1576,25.892,0.44,mcq13
Kepler-613,586,26.991,3.62,mcq13
Kepler-318,1779,7.154,0.003,mcq13
Kepler-52,775,11.953,0.006,mcq13
Kepler-83,898,22.045,0.011,mcq13
Kepler-732,936,36.007,0.144,mcq13
Kepler-1312,2675,5.998,0.001,mcq13
Kepler-1052,2012,13.24,0.038,mcq13
Kepler-1860,2581,29.908,0.217,mcq13
Kepler-1040,1989,18.792,0.033,mcq13
Kepler-622,610,37.03,0.236,mcq13
Kepler-968,1833,10.581,0.007,mcq13
Kepler-1683,2293,25.846,2.994,mcq13
Kepler-285,1305,26.948,1.399,mcq13
Kepler-678,783,41.148,0.55,mcq13
Kepler-339,1931,16.916,0.005,mcq13
Kepler-294,1396,24.371,0.073,mcq13
Kepler-1874,2760,40.358,5.038,mcq13
Kepler-1853,2535,11.171,0.048,mcq13
Kepler-970,1838,9.191,0.004,mcq13
Kepler-312,1628,5.692,0.943,mcq13
Kepler-200,654,18.937,2.194,mcq13
Kepler-164,474,15.35,0.047,mcq13
Kepler-478,165,32.208,0.174,mcq13
Kepler-140,327,24.517,0.228,mcq13
Kepler-247,884,33.838,3.5,mcq13
Kepler-32,952,36.22,0.256,mcq13
Kepler-1050,2007,15.0,0.043,mcq13
Kepler-531,345,35.053,0.221,mcq13
Kepler-1671,1738,35.873,1.281,mcq13
Kepler-727,922,22.635,0.04,mcq13
Kepler-1852,2532,28.011,0.029,mcq13
Kepler-1688,2733,12.372,0.004,mcq13
Kepler-185,569,31.78,0.665,mcq13
Kepler-1891,2982,13.487,0.007,mcq13
Kepler-1826,2329,35.128,0.059,mcq13
Kepler-913,1627,25.487,0.404,mcq13
Kepler-1298,2632,11.059,0.011,mcq13
Kepler-1847,2507,10.859,0.219,mcq13
Kepler-1337,2751,22.36,0.033,mcq13
Kepler-289,1353,8.648,0.009,mcq13
Kepler-263,999,22.745,0.054,mcq13
Kepler-224,733,21.878,0.063,mcq13
Kepler-1219,2390,29.067,0.088,mcq13
Kepler-1027,1961,20.582,0.013,mcq13
Kepler-1366,2839,17.776,0.008,mcq13
Kepler-9,377,16.746,0.077,mcq13
Kepler-828,1367,29.832,5.058,mcq13
Kepler-977,1847,21.184,0.056,mcq13
Kepler-785,1176,18.293,0.014,mcq13
Kepler-1178,2298,18.165,0.025,mcq13
Kepler-46,872,27.859,0.075,mcq13
Kepler-249,899,36.422,0.336,mcq13
Kepler-1066,2035,7.043,0.008,mcq13
Kepler-332,1905,23.637,0.107,mcq13
Kepler-1221,2397,23.306,0.114,mcq13
Kepler-1012,1913,21.837,0.486,mcq13
Kepler-303,1515,41.897,0.141,mcq13
Kepler-1674,1892,25.948,0.137,mcq13
Kepler-736,943,34.789,2.122,mcq13
Kepler-17,203,12.159,0.029,mcq13
Kepler-114,156,34.549,0.12,mcq13
Kepler-1318,2703,27.399,0.037,mcq13
Kepler-1084,2075,8.513,1.079,mcq13
Kepler-1242,2448,28.943,4.107,mcq13
Kepler-319,1805,13.371,0.012,mcq13
Kepler-85,2038,23.498,0.066,mcq13
Kepler-1996,1871,44.099,8.057,mcq13
Kepler-1046,2002,10.116,0.617,mcq13
Kepler-928,1687,24.682,0.047,mcq13
Kepler-1361,2832,37.089,0.72,mcq13
Kepler-301,1436,22.686,0.208,mcq13
Kepler-1802,2174,11.549,0.004,mcq13
Kepler-971,1839,6.248,0.001,mcq13
Kepler-1148,2223,17.019,0.017,mcq13
Kepler-1099,2104,21.901,2.111,mcq13
Kepler-587,530,24.081,0.19,mcq13
Kepler-691,818,34.586,0.038,mcq13
Kepler-419,1474,4.492,0.012,mcq13
Kepler-81,877,13.417,0.001,mcq13
Kepler-176,520,34.16,0.075,mcq13
Kepler-317,1760,15.151,0.012,mcq13
Kepler-901,1588,31.026,0.426,mcq13
Kepler-345,1977,13.019,0.012,mcq13
Kepler-195,598,25.828,0.024,mcq13
Kepler-186,571,34.404,0.075,mcq13
Kepler-190,579,29.985,0.172,mcq13
Kepler-995,1881,18.436,0.009,mcq13
Kepler-150,408,17.558,0.03,mcq13
Kepler-1229,2418,17.62,0.003,mcq13
Kepler-54,886,34.891,0.081,mcq13
Kepler-1983,3061,29.484,4.498,mcq13
Kepler-1784,2023,22.289,0.69,mcq13
Kepler-55,904,13.736,0.002,mcq13
Kepler-39,423,4.464,0.013,mcq13
Kepler-1725,635,8.885,0.318,mcq13
Kepler-158,446,31.299,1.096,mcq13
Kepler-155,438,26.762,0.021,mcq13
Kepler-321,1809,21.125,1.785,mcq13
Kepler-984,1854,24.384,1.472,mcq13
Kepler-1014,1920,26.377,0.027,mcq13
Kepler-395,2650,19.981,0.007,mcq13
Kepler-325,1832,14.168,0.009,mcq13
Kepler-908,1615,7.732,0.003,mcq13
Kepler-990,1875,31.085,1.232,mcq13
Kepler-1783,2001,16.362,0.02,mcq13
Kepler-389,2473,28.051,0.108,mcq13
Kepler-1143,2210,23.389,0.053,mcq13
Kepler-207,665,15.425,0.213,mcq13
Kepler-1987,1358,32.585,2.258,mcq13
Kepler-1031,1972,20.981,0.465,mcq13
Kepler-961,1818,15.836,0.006,mcq13
Kepler-169,505,25.433,0.089,mcq13
Kepler-400,2711,13.409,0.03,mcq13
Kepler-1902,3090,27.227,0.091,mcq13
Kepler-949,1751,23.948,0.037,mcq13
Kepler-556,444,26.398,3.668,mcq13
Kepler-105,115,16.846,0.15,mcq13
Kepler-80,500,25.567,0.252,mcq13
Kepler-1265,2520,29.793,0.25,mcq13
Kepler-686,809,16.493,0.059,mcq13
Kepler-1187,2314,12.757,0.013,mcq13
Kepler-348,2011,3.878,0.002,mcq13
Kepler-75,889,19.375,0.03,mcq13
Kepler-222,723,10.983,0.018,mcq13
Kepler-1892,2989,28.728,3.98,mcq13
Kepler-1108,2121,17.892,0.008,mcq13
Kepler-100,41,24.988,2.192,mcq13
Kepler-506,257,7.86,0.047,mcq13
Kepler-1992,3052,27.82,0.267,mcq13
Kepler-944,1732,17.677,0.006,mcq13
Kepler-1665,650,36.367,0.522,mcq13
Kepler-322,1820,18.991,0.012,mcq13
Kepler-648,694,22.842,0.508,mcq13
Kepler-1224,2403,10.378,0.187,mcq13
Kepler-1672,1822,11.534,0.07,mcq13
Kepler-1830,2358,5.831,0.025,mcq13
Kepler-30,806,16.004,0.017,mcq13
Kepler-1321,2715,41.425,0.25,mcq13
Kepler-1795,2117,19.31,0.014,mcq13
Kepler-220,719,30.786,0.021,mcq13
Kepler-1036,1980,22.065,0.03,mcq13
Kepler-1120,2146,29.354,0.014,mcq13
Kepler-1819,2299,17.049,0.044,mcq13
Kepler-585,517,19.317,0.077,mcq13
Kepler-530,344,24.15,0.455,mcq13
Kepler-396,2672,13.272,0.014,mcq13
Kepler-819,1329,28.728,5.356,mcq13
Kepler-245,869,19.444,0.039,mcq13
Kepler-173,511,14.998,0.581,mcq13
Kepler-66,1958,10.527,0.011,mcq13
Kepler-755,1050,29.807,0.238,mcq13
Kepler-131,283,17.523,0.127,mcq13
Kepler-1393,2951,22.57,0.102,mcq13
Kepler-994,1880,19.26,0.032,mcq13
Kepler-24,1102,10.08,0.154,mcq13
Kepler-548,421,31.61,3.058,mcq13
Kepler-1035,1979,33.935,0.079,mcq13
Kepler-549,427,26.28,0.216,mcq13
Kepler-1895,3027,17.299,0.014,mcq13
Kepler-1985,2851,11.241,0.021,mcq13
Kepler-2000,253,37.125,0.755,mcq13
Kepler-219,718,17.101,0.09,mcq13
Kepler-1801,2172,11.522,0.065,mcq13
Kepler-1274,2545,16.71,3.826,mcq13
Kepler-1729,875,38.304,0.258,mcq13
Kepler-248,896,25.066,0.009,mcq13
Kepler-1319,2705,44.956,1.903,mcq13
Kepler-582,507,12.455,0.005,mcq13
Kepler-388,2466,32.426,0.315,mcq13
Kepler-1728,810,26.369,0.076,mcq13
Kepler-514,297,8.291,0.185,mcq13
Kepler-665,758,21.273,0.058,mcq13
Kepler-1651,1725,18.184,0.133,mcq13
Kepler-1317,2699,21.396,0.044,mcq13
Kepler-369,2179,19.457,0.006,mcq13
Kepler-1673,1863,11.533,0.062,mcq13
Kepler-1868,2686,22.059,0.086,mcq13
Kepler-240,837,32.402,0.24,mcq13
Kepler-935,1716,30.74,0.772,mcq13
Kepler-1777,1944,13.543,0.017,mcq13
Kepler-1136,2193,30.821,1.655,mcq13
Kepler-539,372,11.769,0.016,mcq13
Kepler-1065,2034,10.577,0.005,mcq13
Kepler-1332,2743,23.966,3.154,mcq13
Kepler-676,781,37.049,0.225,mcq13
Kepler-1070,2047,10.714,0.032,mcq13
Kepler-1984,1681,24.305,0.005,mcq13
Kepler-972,1840,5.59,0.003,mcq13
Kepler-352,2029,15.983,0.02,mcq13
Kepler-293,1366,31.269,0.533,mcq13
Kepler-1146,2214,34.465,1.386,mcq13
Kepler-1682,2229,15.527,0.035,mcq13
Kepler-1907,3130,27.016,0.398,mcq13
Kepler-1264,2517,20.177,0.336,mcq13
Kepler-360,2111,10.252,0.008,mcq13
Kepler-1869,2687,14.223,0.032,mcq13
Kepler-974,1843,34.387,0.095,mcq13
Kepler-537,361,24.497,3.484,mcq13
Kepler-1276,2555,8.801,0.111,mcq13
Kepler-1410,3010,14.378,0.003,mcq13
Kepler-1008,1904,21.036,0.042,mcq13
Kepler-172,510,23.287,0.199,mcq13
Kepler-1864,2636,16.228,0.026,mcq13
Kepler-1684,2417,21.555,0.035,mcq13
Kepler-781,1160,20.041,0.077,mcq13
Kepler-171,509,21.506,0.138,mcq13
Kepler-1021,1939,14.621,0.018,mcq13
Kepler-414,341,18.554,0.048,mcq13
Kepler-743,987,20.894,0.094,mcq13
Kepler-1787,2056,20.039,0.069,mcq13
Kepler-1979,2150,17.996,0.148,mcq13
Kepler-1090,2094,19.374,0.369,mcq13
Kepler-231,784,23.397,0.024,mcq13
Kepler-1170,2274,31.273,4.325,mcq13
Kepler-242,853,15.773,0.009,mcq13
Kepler-621,605,28.49,0.064,mcq13
Kepler-1130,2169,27.633,0.201,mcq13
Kepler-1367,2845,29.369,0.398,mcq13
Kepler-1026,1959,25.656,0.036,mcq13
Kepler-1716,315,31.433,3.591,mcq13
Kepler-1129,2167,10.658,0.024,mcq13
Kepler-1374,2868,11.642,0.018,mcq13
Kepler-682,791,23.408,0.092,mcq13
Kepler-512,294,12.103,0.249,mcq13
Kepler-597,550,22.588,1.632,mcq13
Kepler-1251,2482,25.196,0.878,mcq13
Kepler-910,1618,7.087,0.021,mcq13
Kepler-1870,2690,12.36,0.007,mcq13
Kepler-258,951,26.399,0.09,mcq13
Kepler-849,1439,17.829,0.447,mcq13
Kepler-1753,1489,21.942,0.007,mcq13
Kepler-570,480,20.845,0.011,mcq13
Kepler-1049,2006,28.753,0.041,mcq13
Kepler-663,751,22.924,0.193,mcq13
Kepler-762,1074,4.035,0.002,mcq13
Kepler-958,1813,18.259,0.03,mcq13
Kepler-1013,1914,12.772,0.046,mcq13
Kepler-1310,2668,21.922,2.192,mcq13
Kepler-1421,3060,13.13,0.249,mcq13
Kepler-1798,2130,27.266,0.084,mcq13
Kepler-1877,2803,16.929,0.014,mcq13
Kepler-331,1895,8.662,0.001,mcq13
Kepler-543,387,20.312,0.024,mcq13
Kepler-1096,2101,14.251,0.006,mcq13
Kepler-1805,2191,17.789,0.005,mcq13
Kepler-636,652,17.312,0.01,mcq13
Kepler-552,432,18.577,0.15,mcq13
Kepler-956,1802,13.761,0.147,mcq13
Kepler-685,801,30.292,7.752,mcq13
Kepler-1405,2998,13.899,0.06,mcq13
Kepler-1152,2238,14.939,0.004,mcq13
Kepler-1813,2248,14.742,0.008,mcq13
Kepler-1315,2694,37.701,5.443,mcq13
Kepler-425,188,36.955,6.19,mcq13
Kepler-967,1830,18.347,0.044,mcq13
Kepler-1044,1998,14.776,0.224,mcq13
Kepler-1714,288,13.38,0.099,mcq13
Kepler-1103,2109,10.978,0.045,mcq13
Kepler-1053,2013,14.9,0.016,mcq13
Kepler-1241,2444,19.226,0.021,mcq13
Kepler-1313,2678,6.138,0.001,mcq13
Kepler-1820,2305,23.782,3.263,mcq13
Kepler-1288,2608,20.304,0.096,mcq13
Kepler-993,1879,21.843,0.007,mcq13
Kepler-1030,1971,25.657,0.197,mcq13
Kepler-1261,2497,33.669,1.58,mcq13
Kepler-1132,2177,24.665,0.17,mcq13
Kepler-410 A,42,20.85,0.007,mcq13
Kepler-550,429,22.786,0.184,mcq13
Kepler-1792,2084,9.592,0.003,mcq13
Kepler-1804,2181,11.28,0.002,mcq13
Kepler-567,477,25.278,0.185,mcq13
Kepler-1139,2202,26.893,0.058,mcq13
Kepler-204,661,16.934,1.627,mcq13
Kepler-161,457,27.885,0.317,mcq13
Kepler-662,750,12.636,0.004,mcq13
Kepler-1308,2662,33.669,0.1,mcq13
Kepler-821,1337,31.253,0.031,mcq13
Kepler-404,2768,22.963,0.956,mcq13
Kepler-853,1445,5.269,0.032,mcq13
Kepler-1825,2325,29.806,0.058,mcq13
Kepler-519,306,17.825,0.023,mcq13
Kepler-1769,1808,8.249,0.104,mcq13
Kepler-735,942,31.651,0.581,mcq13
Kepler-1726,704,20.912,0.087,mcq13
Kepler-1074,2057,30.114,0.02,mcq13
Kepler-1045,2000,21.47,0.197,mcq13
Kepler-786,1199,34.257,0.529,mcq13
Kepler-1905,3095,19.213,0.164,mcq13
Kepler-50,262,7.553,0.755,mcq13
Kepler-1091,2095,14.776,0.049,mcq13
Kepler-1713,269,5.274,0.033,mcq13
Kepler-1304,2652,32.928,0.052,mcq13
Kepler-1121,2149,7.425,0.128,mcq13
Kepler-1128,2166,19.873,0.106,mcq13
Kepler-535,355,10.394,1.346,mcq13
Kepler-632,640,37.415,4.997,mcq13
Kepler-57,1270,33.307,3.532,mcq13
Kepler-378,2287,38.637,0.75,mcq13
Kepler-461,49,8.552,0.005,mcq13
Kepler-1185,2311,12.734,0.004,mcq13
Kepler-568,478,34.192,0.253,mcq13
Kepler-63,63,5.407,0.001,mcq13
Kepler-1017,1923,31.835,4.3,mcq13
Kepler-45,254,15.805,0.002,mcq13
Kepler-964,1825,10.187,0.003,mcq13
Kepler-1324,2719,12.689,0.001,mcq13
Kepler-1055,2017,11.823,0.006,mcq13
Kepler-809,1302,29.587,0.217,mcq13
Kepler-415,1194,23.126,0.074,mcq13
Kepler-1071,2048,16.887,0.01,mcq13
Kepler-367,2173,17.068,0.014,mcq13
Kepler-779,1146,25.306,0.026,mcq13
Kepler-1848,2522,38.039,0.6,mcq13
Kepler-1809,2219,42.239,6.896,mcq13
Kepler-969,1837,18.125,0.006,mcq13
Kepler-1220,2392,15.346,0.006,mcq13
Kepler-862,1491,26.656,0.347,mcq13
Kepler-1001,1889,19.836,0.034,mcq13
Kepler-1214,2376,36.373,4.218,mcq13
Kepler-1059,2021,19.167,0.021,mcq13
Kepler-146,386,13.813,0.423,mcq13
Kepler-493,208,3.054,0.001,mcq13
Kepler-518,304,16.503,0.286,mcq13
Kepler-28,870,17.951,0.016,mcq13
Kepler-1002,1890,6.398,0.002,mcq13
Kepler-1873,2735,28.414,0.074,mcq13
Kepler-246,874,23.175,0.076,mcq13
Kepler-992,1877,25.953,0.023,mcq13
Kepler-1111,2129,19.244,3.149,mcq13
Kepler-1273,2544,17.32,0.015,mcq13
Kepler-43,135,12.851,0.053,mcq13
Kepler-1423,3071,28.856,0.385,mcq13
Kepler-1131,2171,11.222,0.021,mcq13
Kepler-808,1300,38.284,4.447,mcq13
Kepler-884,1531,22.986,0.026,mcq13
Kepler-1831,2361,20.219,0.973,mcq13
Kepler-1797,2125,16.279,0.058,mcq13
Kepler-1019,1937,22.829,0.026,mcq13
Kepler-151,413,22.801,0.036,mcq13
Kepler-1329,2736,24.094,0.027,mcq13
Kepler-709,867,23.065,0.01,mcq13
Kepler-1741,1201,29.788,0.119,mcq13
Kepler-955,1801,7.552,0.001,mcq13
Kepler-1341,2762,44.549,5.433,mcq13
Kepler-532,346,15.148,0.022,mcq13
Kepler-1164,2261,11.367,0.002,mcq13
Kepler-705,854,20.206,0.003,mcq13
Kepler-1858,2553,31.269,0.091,mcq13
Kepler-484,180,15.757,0.011,mcq13
Kepler-629,632,22.412,0.171,mcq13
Kepler-534,354,13.112,2.336,mcq13
Kepler-737,947,24.791,0.406,mcq13
Kepler-652,714,26.863,0.276,mcq13
Kepler-1138,2200,24.882,0.438,mcq13
Kepler-1022,1940,18.75,0.015,mcq13
Kepler-843,1425,21.697,3.27,mcq13
Kepler-398,2693,30.289,0.056,mcq13
Kepler-283,1298,18.167,0.045,mcq13
Kepler-631,639,7.768,0.005,mcq13
HAT-P-11,3,29.472,0.134,mcq13
Kepler-1086,2078,12.72,0.002,mcq13
Kepler-987,1866,18.283,1.046,mcq13
Kepler-576,492,29.609,0.205,mcq13
Kepler-777,1141,18.029,0.004,mcq13
Kepler-1320,2708,10.564,0.001,mcq13
Kepler-756,1053,27.433,0.513,mcq13
Kepler-600,560,15.855,0.054,mcq13
Kepler-1032,1973,12.969,0.002,mcq13
Kepler-1007,1900,18.133,0.02,mcq13
Kepler-21,975,12.591,0.036,mcq13
Kepler-951,1788,19.762,0.052,mcq13
Kepler-125,251,14.536,0.004,mcq13
Kepler-1359,2828,25.343,0.082,mcq13
Kepler-1293,2623,12.265,0.021,mcq13
Kepler-934,1711,20.232,0.025,mcq13
Kepler-99,305,29.546,4.762,mcq13
Kepler-1010,1910,34.145,4.058,mcq13
Kepler-1387,2924,20.724,0.013,mcq13
Kepler-687,811,23.475,0.031,mcq13
Kepler-1414,3026,14.552,0.061,mcq13
Kepler-1222,2399,27.785,0.884,mcq13
Kepler-985,1858,18.525,0.026,mcq13
Kepler-834,1404,33.46,0.33,mcq13
Kepler-988,1868,24.789,0.016,mcq13
Kepler-1687,2588,29.273,0.014,mcq13
Kepler-1346,2789,21.309,1.958,mcq13
Kepler-938,1721,28.626,3.602,mcq13
Kepler-999,1886,7.306,0.045,mcq13
Kepler-1042,1996,20.324,0.021,mcq13
Kepler-516,302,5.494,0.0,mcq13
Kepler-1384,2910,22.168,0.089,mcq13
Kepler-1075,2058,21.968,0.15,mcq13
Kepler-1057,2019,13.602,0.013,mcq13
Kepler-1378,2883,20.386,0.171,mcq13
Kepler-527,333,6.886,0.176,mcq13
Kepler-742,956,39.1,0.261,mcq13
Kepler-623,618,26.162,0.541,mcq13
Kepler-1735,1085,39.934,0.024,mcq13
Kepler-1376,2877,26.453,0.082,mcq13
Kepler-981,1851,14.023,0.058,mcq13
Kepler-1190,2318,15.605,0.01,mcq13
Kepler-500,237,23.301,0.348,mcq13
Kepler-1685,2504,19.878,0.083,mcq13
Kepler-833,1403,29.412,0.061,mcq13
Kepler-1759,1646,31.419,0.1,mcq13
Kepler-927,1683,16.825,0.259,mcq13
Kepler-1215,2378,23.609,0.925,mcq13
Kepler-973,1841,25.32,0.2,mcq13
Kepler-1355,2816,20.12,0.018,mcq13
Kepler-1244,2457,3.19,0.188,mcq13
Kepler-909,1616,11.589,1.561,mcq13
Kepler-578,496,14.889,0.005,mcq13
Kepler-1761,1649,25.729,0.436,mcq13
Kepler-1710,103,23.156,0.155,mcq13
Kepler-997,1883,11.485,0.168,mcq13
Kepler-1812,2241,11.15,1.391,mcq13
KOI-142,142,30.689,0.383,mcq13
Kepler-1418,3049,11.911,0.039,mcq13
Kepler-978,1848,18.725,0.041,mcq13
Kepler-801,1266,29.865,0.113,mcq13
Kepler-96,261,14.922,0.083,mcq13
Kepler-1104,2110,4.192,0.004,mcq13
Kepler-962,1819,12.786,0.013,mcq13
Kepler-1663,252,40.333,0.095,mcq13
Kepler-860,1481,18.632,0.021,mcq13
Kepler-1424,3093,22.065,2.262,mcq13
Kepler-1781,1982,9.147,0.005,mcq13
Kepler-1039,1988,34.921,6.985,mcq13
Kepler-1150,2225,15.844,0.022,mcq13
Kepler-855,1456,14.965,0.019,mcq13
Kepler-1358,2827,15.605,0.007,mcq13
Kepler-1765,1704,18.881,0.01,mcq13
Kepler-1771,1857,22.474,3.535,mcq13
Kepler-1259,2493,23.291,0.038,mcq13
Kepler-1404,2996,28.268,0.323,mcq13
Kepler-1105,2114,13.483,0.002,mcq13
Kepler-1680,2120,19.883,0.015,mcq13
Kepler-911,1621,18.451,0.148,mcq13
Kepler-1679,2106,20.505,0.035,mcq13
Kepler-1709,92,16.199,1.592,mcq13
Kepler-98,299,22.965,0.049,mcq13
Kepler-67,2115,10.464,0.014,mcq13
Kepler-816,1320,34.216,6.562,mcq13
Kepler-1061,2026,9.749,0.079,mcq13
Kepler-1068,2044,17.598,0.106,mcq13
Kepler-1856,2543,23.447,0.035,mcq13
Kepler-1169,2273,12.566,0.161,mcq13
Kepler-489,197,35.208,5.097,mcq13
Kepler-1088,2087,13.874,0.018,mcq13
Kepler-960,1815,18.626,0.013,mcq13
Kepler-261,988,12.368,0.001,mcq13
Kepler-408,1612,12.444,0.172,mcq13
Kepler-1281,2580,25.127,0.024,mcq13
Kepler-504,249,46.351,0.34,mcq13
Kepler-1400,2981,27.588,0.167,mcq13
Kepler-1855,2542,29.362,4.77,mcq13
Kepler-1849,2525,24.053,0.06,mcq13
Kepler-1752,1476,27.747,2.865,mcq13
Kepler-533,348,37.088,7.636,mcq13
Kepler-1351,2798,31.447,3.906,mcq13
Kepler-1363,2836,18.183,0.043,mcq13
Kepler-979,1849,26.773,0.432,mcq13
Kepler-1236,2432,27.409,0.2,mcq13
Kepler-1275,2552,7.65,0.005,mcq13
Kepler-1690,2757,23.147,0.182,mcq13
Kepler-1207,2356,17.011,0.459,mcq13
Kepler-1428,3109,5.464,0.007,mcq13
Kepler-1133,2180,27.964,0.484,mcq13
Kepler-725,918,17.459,0.022,mcq13
