Planet,Flag,l_Mp,Mp,E_Mp,e_Mp,f_Mp,Rp,E_Rp,e_Rp,f_Rp,Per,a,e,S,R1,R2,R3,R4,CHZ,OHZ,TSM,K,Mstar,Rstar,Teff,logg,Lstar,Jmag,Vmag
16 Cyg B b,,,565.74,25.43,-25.43,,13.33,,,1,798.5,1.66,0.68,620.8,0.842,1.066,1.881,1.984,21,29,,50.5,1.08,1.13,5750,4.36,1.253,4.993,6.215
30 Ari B b,,,4392.41,572.09,-572.09,,12.42,,,1,335.1,0.99,0.29,3993.9,1.229,1.557,2.712,2.86,0,24,,271.4,1.93,1.41,6331,4.43,2.868,6.08,7.092
47 UMa b,,,804.11,22.25,-19.07,,13.13,,,1,1078.0,2.1,0.032,488.3,0.937,1.187,2.088,2.203,43,100,,48.2,1.06,1.21,5872,4.3,1.578,3.96,5.034
55 Cnc f,,,47.77,2.4,-2.4,,7.86,,,1,259.88,0.7708,0.08,1304.2,0.585,0.741,1.332,1.405,69,100,573.9,5.1,0.91,0.94,5172,4.43,0.568,4.768,5.951
BD-00 4475 b,,,7961.64,708.76,-708.76,,11.81,,,1,723.2,1.48,0.39,450.2,0.664,0.842,1.521,1.604,40,45,,695.3,0.81,1.12,5040,4.25,0.722,7.483,9.01
BD-06 1339 c,,,54.03,8.0,-8.0,,8.53,,,1,125.94,0.435,0.31,685.8,0.248,0.314,0.586,0.618,90,100,471.3,9.2,0.7,0.59,4324,4.74,0.095,7.128,9.7
BD-08 2823 c,,,104.88,10.0,-10.0,,12.51,,,1,237.6,0.68,0.19,2019.6,0.655,0.83,1.518,1.601,0,62,,13.5,0.74,1.23,4746,4.13,0.684,7.96,9.86
BD-11 4672 c,,,15.37,2.97,-2.81,,4.05,,,1,74.2,0.3,0.4,2381.8,0.316,0.401,0.739,0.78,25,58,162.2,3.4,0.65,0.64,4550,4.64,0.157,7.651,10.03
BD-17 63 b,,,1620.93,38.14,-38.14,,12.86,,,1,655.6,1.34,0.54,159.6,0.363,0.46,0.843,0.889,13,15,,172.5,0.74,0.69,4714,4.26,0.21,7.574,9.62
BD+14 4559 b,,,330.54,149.38,-149.38,,13.62,,,1,268.94,0.78,0.29,833.9,0.481,0.609,1.108,1.168,84,100,,55.0,0.49,0.86,4864,4.26,0.372,7.882,9.78
BD+45 564 b,,,432.25,38.14,-38.14,,13.4,,,1,307.88,0.83,0.12,1490.5,0.679,0.86,1.557,1.642,44,100,,47.4,0.81,1.16,5004,4.22,0.752,8.063,9.67
BD+49 828 b,,,508.53,127.1,-63.6,,13.41,,,1,2590.0,4.2,0.35,2283.7,4.267,5.404,9.802,10.339,26,60,,19.1,1.52,7.6,4943,2.85,29.512,7.246,9.381
BD+55 362 b,,,228.84,25.43,-25.43,,13.64,,,1,265.59,0.78,0.27,2574.2,0.838,1.062,1.921,2.026,0,49,,25.2,0.91,1.42,5012,4.09,1.147,7.826,9.38
BD+63 1405 b,,,1258.61,98.53,-98.53,,12.86,,,1,1198.48,2.06,0.88,255.7,0.698,0.885,1.601,1.688,8,12,,181.5,0.82,1.19,5000,4.2,0.795,7.303,8.96
GJ 1061 c,,,1.74,0.23,-0.23,,1.15,,,1,6.69,0.035,0.29,1892.4,0.034,0.043,0.086,0.09,27,63,87.1,2.5,0.12,0.16,2953,,0.002,7.523,12.7
GJ 1061 d,,,1.64,0.24,-0.23,,1.13,,,1,13.03,0.054,0.53,795.0,0.034,0.043,0.086,0.09,78,87,70.3,2.2,0.12,0.16,2953,,0.002,7.523,12.7
GJ 1132 c,,,2.64,0.44,-0.44,,1.34,,,1,8.93,0.0476,0.27,2635.9,0.054,0.069,0.135,0.142,0,40,16.5,2.7,0.18,0.21,3270,,0.004,9.245,13.68
GJ 1148 b,,,96.7,1.41,-1.02,,12.3,,,1,41.38,0.166,0.38,669.8,0.095,0.121,0.237,0.25,84,100,,39.7,0.34,0.36,3287,4.87,0.014,7.608,11.939
GJ 180 c,,,6.4,3.7,-4.1,,2.37,,,1,24.33,0.129,0.09,1066.5,0.093,0.118,0.231,0.244,89,100,,2.5,0.43,0.0,3371,,0.013,7.413,10.914
GJ 273 b,,,2.89,0.27,-0.26,,1.44,,,1,18.65,0.091101,0.1,1445.8,0.077,0.097,0.19,0.2,29,100,67.7,1.6,0.29,0.29,3382,,0.009,5.714,9.84
GJ 3021 b,,,1071.09,28.6,-28.6,,12.96,,,1,133.71,0.49,0.511,3756.2,0.619,0.784,1.391,1.467,0,47,,166.8,0.9,0.9,5540,4.7,0.661,5.366,6.59
GJ 3293 b,,,23.54,0.88,-0.89,,5.08,,,1,30.6,0.14339,0.06,1459.2,0.121,0.154,0.299,0.315,0,100,341.2,8.6,0.42,0.4,3466,,0.022,8.362,11.945
GJ 3293 d,,,7.6,1.05,-1.05,,2.67,,,1,48.13,0.19394,0.12,797.6,0.121,0.154,0.299,0.315,100,100,145.1,2.4,0.42,0.4,3466,,0.022,8.362,11.945
GJ 3323 c,,,2.31,0.5,-0.49,,1.28,,,1,40.54,0.1264,0.17,230.5,0.043,0.054,0.107,0.112,10,23,90.3,1.5,0.16,0.12,3159,,0.003,7.617,12.57
GJ 357 d,,,6.1,1.0,,,2.33,,,1,55.66,0.204,0.0,522.3,0.103,0.131,0.254,0.268,100,100,168.6,2.1,0.34,0.34,3505,4.94,0.016,7.337,10.91
GJ 414 A b,,,7.6,2.44,-2.19,,2.58,1.22,-0.85,,50.8,0.2324,0.45,3010.7,0.279,0.354,0.666,0.702,0,48,133.5,2.0,0.65,0.68,4120,4.65,0.119,5.764,8.31
GJ 514 b,,,5.2,0.9,-0.9,,2.16,,,1,140.43,0.422,0.45,329.2,0.169,0.214,0.411,0.434,34,38,130.9,1.1,0.51,0.5,3728,4.76,0.043,5.902,9.05
GJ 667 C c,,,3.81,1.5,-1.2,,1.73,,,1,28.14,0.125,0.02,1197.6,0.096,0.122,0.238,0.251,100,100,150.7,1.7,0.33,0.43,3350,4.69,0.014,6.848,10.602
GJ 667 C e,!,,2.54,1.6,-1.4,,1.31,,,1,62.24,0.213,0.02,412.5,0.096,0.122,0.238,0.251,100,100,11.4,0.9,0.33,0.43,3350,4.69,0.014,6.848,10.602
GJ 667 C f,!,,2.54,1.4,-1.2,,1.33,,,1,39.03,0.156,0.03,768.9,0.096,0.122,0.238,0.251,100,100,13.9,1.0,0.33,0.43,3350,4.69,0.014,6.848,10.602
GJ 682 b,,,4.4,3.7,-2.4,,1.89,,,1,17.48,0.08,0.08,426.5,0.037,0.047,0.093,0.098,100,100,,2.6,0.27,0.0,3028,,0.002,6.544,10.94
GJ 832 c,,,5.4,0.95,-0.95,,2.15,,,1,35.68,0.163,0.18,1335.9,0.132,0.167,0.325,0.343,51,100,312.6,1.8,0.45,0.5,3472,4.7,0.026,5.349,8.66
GJ 96 b,,,19.66,2.42,-2.3,,4.6,,,1,73.94,0.291,0.44,1430.1,0.243,0.307,0.588,0.621,60,76,,4.7,0.6,0.0,3785,,0.089,6.377,9.4
HAT-P-44 c,,,1271.32,444.9,-254.3,,12.88,,,1,872.2,1.752,0.494,284.5,0.617,0.782,1.399,1.476,22,24,,101.7,0.94,0.95,5295,4.46,0.64,11.729,13.225
HD 100777 b,,,327.36,12.71,-12.71,,13.68,,,1,383.7,1.03,0.36,1171.1,0.726,0.92,1.634,1.723,71,87,,34.9,0.83,1.04,5533,4.32,0.91,7.152,8.42
HD 10180 g,,,23.27,4.39,-4.39,,5.19,,,1,604.67,1.427,0.263,905.3,0.865,1.096,1.926,2.031,89,100,112.3,1.8,1.06,1.11,5911,4.39,1.35,6.246,7.33
HD 102365 b,,,15.89,2.6,-2.6,,3.95,,,1,122.1,0.46,0.34,3644.8,0.569,0.721,1.276,1.346,0,33,652.4,2.4,0.85,0.79,5630,4.57,0.565,3.931,4.89
HD 103891 b,,,457.68,19.07,-15.89,,13.44,,,1,1919.0,3.27,0.31,779.9,1.822,2.308,4.041,4.263,64,91,,21.0,1.28,2.22,6072,3.79,6.109,5.556,6.595
HD 10442 b,,,472.61,24.16,-24.16,,13.46,,,1,1032.3,2.01,0.132,685.4,1.12,1.419,2.577,2.718,100,100,,29.9,1.01,1.97,4912,3.19,2.028,6.158,7.828
HD 106252 b,,,2202.56,85.81,-85.81,,12.47,,,1,1531.0,2.61,0.48,259.2,0.849,1.075,1.891,1.994,18,20,,137.8,1.01,1.1,5874,4.36,1.293,6.302,7.41
HD 106270 b,,,3219.62,85.81,-85.81,,12.3,,,1,1888.0,3.34,0.185,716.0,1.844,2.336,4.152,4.379,100,100,,135.5,1.39,2.66,5509,3.72,5.851,6.249,7.58
HD 10647 b,,,298.76,25.43,-25.43,,13.82,,,1,989.2,2.015,0.15,473.8,0.867,1.099,1.918,2.023,35,46,,18.1,1.11,1.1,6218,4.62,1.409,4.791,5.52
HD 106515 A b,,,3054.35,44.49,-44.49,,12.38,,,1,3630.0,4.59,0.572,79.7,0.853,1.08,1.929,2.034,0,3,,157.1,0.97,1.62,5362,4.41,1.23,6.585,7.971
HD 10697 b,,,2028.71,24.79,-24.79,,12.56,,,1,1075.69,2.14,0.1043,843.3,1.276,1.616,2.864,3.021,100,100,,116.9,1.13,1.79,5600,3.96,2.829,5.386,6.283
HD 108341 b,,,1112.41,1080.6,-381.4,,12.89,,,1,1129.0,2.0,0.85,131.6,0.484,0.612,1.103,1.164,5,7,,145.3,0.84,0.79,5122,4.45,0.386,7.863,9.38
HD 108874 b,,,451.32,28.6,-28.6,,13.53,,,1,394.48,1.04,0.13,1228.6,0.748,0.948,1.68,1.772,77,100,,37.2,1.1,1.05,5600,4.44,0.973,7.479,8.76
HD 109286 b,,,950.31,47.67,-47.67,,13.11,,,1,520.1,1.259,0.338,965.6,0.799,1.012,1.788,1.886,79,100,,81.2,0.98,1.09,5694,4.44,1.121,7.588,8.78
HD 111998 b,,,1433.41,158.92,-158.92,,12.84,,,1,825.9,1.82,0.03,1438.0,1.338,1.694,2.942,3.103,100,100,,87.3,1.18,1.45,6557,4.19,3.489,5.3,6.11
HD 114613 b,,,113.47,10.17,-10.17,,12.99,,,1,4000.0,5.34,0.458,199.3,1.544,1.955,3.462,3.651,12,15,,4.4,1.27,2.14,5641,3.87,4.163,3.692,4.85
HD 114729 b,,,262.21,2.22,-2.22,,13.83,,,1,1121.79,2.067,0.079,723.0,1.124,1.424,2.507,2.645,100,100,,16.9,0.94,1.47,5844,4.05,2.263,5.559,6.68
HD 11506 b,,,1535.12,165.27,-165.27,,12.74,,,1,1622.1,2.9,0.3743,347.0,1.081,1.369,2.399,2.53,24,27,,77.9,1.24,1.34,6030,,2.138,6.508,7.51
HD 11964 b,,,197.69,18.0,-18.0,,13.89,,,1,1945.0,3.16,0.041,393.3,1.308,1.657,2.965,3.128,0,41,,10.8,0.91,2.01,5303,3.79,2.877,5.023,6.415
HD 120084 b,,,1430.24,,,,12.81,,,1,2082.0,4.3,0.66,3222.6,5.201,6.588,11.974,12.63,33,60,,53.3,2.39,9.12,4892,2.71,43.652,4.091,5.907
HD 124330 b,,,238.37,19.07,-19.07,,13.94,,,1,270.66,0.86,0.34,3571.8,1.038,1.315,2.313,2.44,0,38,,22.8,1.15,1.35,5873,4.24,1.935,6.712,7.88
HD 125390 b,,,7043.11,305.12,-305.12,,12.02,,,1,1756.2,3.16,0.591,2842.8,3.597,4.556,8.295,8.749,36,61,,373.1,1.36,6.47,4850,3.13,20.796,6.421,8.21
HD 125612 b,,,985.27,127.13,-127.13,,13.1,,,1,557.04,1.372,0.4553,832.6,0.801,1.015,1.786,1.884,44,65,,80.1,1.11,1.05,5841,,1.148,7.179,8.31
HD 12661 b,,,772.33,44.5,-44.5,,13.1,,,1,262.71,0.84,0.38,2539.8,0.867,1.098,1.943,2.05,27,59,,73.7,1.2,1.2,5645,4.36,1.313,6.182,7.43
HD 126614 b,,,130.31,19.07,-19.07,,13.45,,,1,1244.0,2.37,0.41,365.4,0.932,1.18,2.094,2.208,28,32,,7.3,1.26,1.32,5568,4.3,1.504,7.47,8.81
HD 128356 b,,,282.87,22.25,-22.25,,13.61,,,1,298.2,0.87,0.57,648.8,0.473,0.599,1.089,1.148,32,45,,43.9,0.65,0.85,4875,4.52,0.36,,8.241
HD 131664 b,,,6076.91,540.31,-540.31,,11.86,,,1,1951.0,3.17,0.64,171.4,0.837,1.061,1.865,1.967,12,13,,356.8,1.19,1.08,5892,4.45,1.262,6.973,8.13
HD 13167 b,,,1052.02,50.85,-50.85,,13.03,,,1,2613.0,4.1,0.563,430.7,1.739,2.203,3.897,4.11,20,32,,48.3,1.35,2.39,5671,3.72,5.304,7.081,8.34
HD 132406 b,,,1709.93,416.36,-416.36,,12.74,,,1,974.0,1.98,0.34,627.8,1.007,1.276,2.25,2.373,53,61,,114.6,1.03,1.34,5783,4.2,1.803,7.25,8.45
HD 132563 b,,,473.57,28.6,-28.6,,13.44,,,1,1544.0,2.62,0.22,470.5,1.119,1.417,2.471,2.607,35,42,,23.4,1.23,1.3,6289,4.3,2.366,8.003,8.928
HD 133131 A b,,,451.32,12.71,-12.71,,13.46,,,1,649.0,1.44,0.33,708.2,0.777,0.985,1.736,1.831,57,75,,36.5,0.95,1.03,5799,4.39,1.076,7.256,7.66
HD 134987 b,,,511.71,22.25,-22.25,,13.38,,,1,258.18,0.81,0.23,3009.7,0.905,1.146,2.024,2.134,0,39,,49.5,1.1,1.22,5736,4.31,1.447,5.268,6.47
HD 137388 b,,,63.57,6.36,-6.36,,9.45,,,1,330.0,0.89,0.36,863.3,0.549,0.696,1.251,1.319,80,100,248.0,8.2,0.68,0.88,5181,4.39,0.501,7.23,8.71
HD 137496 c,,,2434.58,34.96,-34.96,,12.45,,,1,479.9,1.2163,0.477,2368.5,1.201,1.521,2.681,2.828,45,66,,219.4,1.04,1.59,5799,4.05,2.567,8.646,9.899
HD 13908 c,,,1630.47,79.45,-79.45,,12.88,,,1,931.0,2.03,0.12,1324.8,1.458,1.847,3.222,3.398,80,100,,90.5,1.29,1.67,6255,4.11,3.999,6.497,7.52
HD 141399 d,,,375.04,25.43,-25.43,,13.61,,,1,1069.8,2.09,0.074,424.2,0.884,1.119,1.984,2.092,24,48,,22.5,1.07,1.24,5600,4.28,1.357,5.89,7.209
HD 141937 b,,,3079.77,127.13,-127.13,,12.49,,,1,653.22,1.5,0.41,686.1,0.794,1.005,1.769,1.865,40,60,,233.6,1.09,1.03,5870,4.45,1.131,6.127,7.25
HD 142022 A b,,,1411.17,1007.52,-1007.52,,12.67,,,1,1928.0,2.93,0.53,133.3,0.702,0.889,1.584,1.671,8,10,,91.4,0.9,1.04,5421,4.35,0.839,6.384,7.7
HD 142245 b,,,975.74,133.49,-133.49,,12.83,,,1,1299.0,2.78,0.0,1995.2,2.642,3.347,6.076,6.408,0,100,,24.8,3.5,4.63,4922,3.65,11.296,5.689,7.46
HD 142415 b,,,530.78,38.14,-38.14,,13.25,,,1,386.3,1.06,0.5,1468.7,0.817,1.035,1.818,1.917,68,80,,51.4,1.07,1.04,5940,4.44,1.209,6.235,7.33
HD 147379 b,,,28.55,1.49,-1.45,,5.78,,,1,86.78,0.323,0.07,1398.7,0.264,0.335,0.629,0.664,35,100,,5.8,0.6,0.0,4156,,0.107,5.779,8.61
HD 147513 b,,,384.57,,,,13.54,,,1,528.4,1.32,0.26,765.6,0.737,0.934,1.642,1.732,86,100,,29.4,1.11,0.97,5883,4.51,0.977,4.405,5.37
HD 148156 b,,,270.16,212.94,-15.89,,13.73,,,1,1027.0,2.45,0.52,404.4,0.969,1.227,2.139,2.256,22,28,,17.5,1.22,1.21,6308,4.56,1.778,6.688,7.69
HD 148164 b,,,390.93,79.46,-79.46,,13.69,,,1,328.55,0.993,0.587,2959.7,1.081,1.369,2.399,2.53,42,64,,39.4,1.21,1.34,6032,,2.138,7.229,8.23
HD 152079 b,,,845.75,14.62,-14.62,,13.12,,,1,2918.92,4.187,0.532,108.7,0.88,1.114,1.959,2.066,0,4,,40.7,1.15,1.13,5907,4.37,1.396,7.984,9.18
HD 153950 b,,,937.6,92.17,-92.17,,13.06,,,1,499.4,1.28,0.34,1723.8,1.057,1.339,2.342,2.47,57,77,,69.1,1.25,1.28,6124,4.32,2.069,6.313,7.39
HD 154857 b,,,778.68,34.96,-34.96,,13.23,,,1,408.6,1.29,0.46,3801.5,1.634,2.069,3.669,3.87,0,42,,48.2,1.96,2.3,5589,4.01,4.634,5.938,7.24
HD 155193 b,,,238.37,19.07,-19.07,,13.84,,,1,352.65,1.04,0.21,3151.3,1.153,1.461,2.549,2.688,0,38,,19.3,1.22,1.35,6239,4.26,2.497,6.01,7.009
HD 155358 c,,,260.62,22.0,-22.0,,13.78,,,1,391.9,1.02,0.16,2487.4,1.026,1.299,2.284,2.409,0,54,,24.4,0.92,1.32,5900,4.16,1.896,6.158,7.28
HD 156279 b,,,3140.16,219.3,-219.3,,12.33,,,1,131.05,0.49,0.71,4073.2,0.647,0.82,1.46,1.54,17,55,,577.1,0.95,0.95,5453,4.46,0.716,6.677,8.07
HD 156411 b,,,235.19,15.89,-12.71,,13.88,,,1,842.2,1.88,0.22,2078.9,1.728,2.189,3.849,4.059,28,69,,14.1,1.25,2.16,5900,4.07,5.383,5.563,6.67
HD 156846 b,,,3391.25,235.19,-235.19,,12.32,,,1,359.51,1.12,0.85,4851.6,1.555,1.969,3.447,3.636,27,59,,464.8,1.38,1.9,6090,4.02,4.458,5.47,6.5
HD 159243 c,,,603.88,41.32,-41.32,,13.39,,,1,248.4,0.8,0.075,2773.1,0.838,1.061,1.857,1.958,0,30,,57.1,1.12,1.12,6123,4.55,1.3,7.581,8.65
HD 159868 b,,,704.95,18.75,-18.75,,13.07,,,1,1184.1,2.32,0.024,968.9,1.488,1.885,3.347,3.531,100,100,,37.9,1.19,2.13,5534,3.92,3.82,5.941,7.24
HD 1605 c,,,1150.54,73.1,-73.1,,12.9,,,1,2149.0,3.584,0.099,686.1,1.998,2.531,4.596,4.848,100,100,,47.3,1.33,3.49,4915,,6.457,5.85,7.52
HD 16175 b,,,1620.93,257.44,-257.44,,12.61,,,1,990.0,2.12,0.6,1032.3,1.367,1.731,3.037,3.204,41,58,,93.7,1.63,1.72,5981,4.18,3.399,6.166,7.297
HD 163607 c,,,699.54,11.76,-11.76,,13.14,,,1,1272.0,2.39,0.08,618.0,1.225,1.552,2.757,2.908,100,100,,38.4,1.12,1.76,5522,3.97,2.586,6.648,8.0
HD 164509 b,,,140.8,26.38,-26.38,,14.12,,,1,280.17,0.87,0.238,2377.4,0.857,1.086,1.911,2.016,0,60,,13.1,1.12,1.11,5859,,1.318,6.938,8.1
HD 165155 b,,,918.53,73.1,-73.1,,13.05,,,1,434.5,1.13,0.2,748.1,0.641,0.812,1.446,1.526,100,100,,78.0,1.02,0.95,5426,4.49,0.7,8.027,9.36
HD 168443 c,,,5464.45,66.74,-66.74,,12.16,,,1,1749.83,2.8373,0.2113,315.6,1.041,1.319,2.345,2.474,15,24,,295.4,0.99,1.51,5491,4.07,1.861,5.641,6.921
HD 169830 c,,,1284.03,,,,12.84,,,1,2102.0,3.6,0.33,483.7,1.558,1.973,3.44,3.629,35,40,,54.2,1.4,1.74,6299,4.1,4.592,4.974,5.9
HD 170469 b,,,209.77,34.96,-34.96,,13.97,,,1,1145.0,2.24,0.11,437.5,0.948,1.201,2.114,2.23,30,45,,12.1,1.1,1.24,5842,4.3,1.608,7.047,8.21
HD 171028 b,,,832.71,50.85,-50.85,,13.09,,,1,550.0,1.32,0.59,4438.4,1.798,2.277,4.027,4.248,0,44,,60.6,1.53,2.47,5671,3.84,5.665,6.99,8.292
HD 175167 b,,,2850.94,1055.2,-1055.2,,12.52,,,1,1290.0,2.4,0.54,657.0,1.26,1.596,2.826,2.981,29,42,,160.6,1.37,1.75,5635,4.09,2.772,6.713,8.01
HD 17674 b,,,276.51,22.25,-19.07,,13.75,,,1,623.8,1.42,0.13,1028.3,0.918,1.163,2.044,2.156,100,100,,21.1,0.98,1.18,5904,4.34,1.519,6.449,7.535
HD 18015 b,,,1010.7,73.1,-73.1,,13.06,,,1,2278.0,3.87,0.148,790.1,2.233,2.828,5.012,5.286,100,100,,38.0,1.49,3.13,5603,3.64,8.669,6.628,7.89
HD 180617 b,,,12.21,1.05,-1.05,,3.52,,,1,105.91,0.343,0.101,375.5,0.147,0.186,0.361,0.381,65,100,431.3,2.7,0.48,0.48,3534,4.9,0.032,5.583,9.12
HD 181720 b,,,127.13,19.07,-19.07,,14.0,,,1,956.0,1.85,0.26,872.2,1.113,1.409,2.488,2.624,91,100,,8.4,1.03,1.5,5736,4.09,2.187,6.652,7.84
HD 183263 b,,,1255.43,69.92,-69.92,,12.95,,,1,626.52,1.49,0.36,1045.4,0.969,1.227,2.154,2.272,77,95,,83.8,1.31,1.23,5948,4.37,1.7,6.782,7.86
HD 187085 b,,,265.71,3.5,-3.5,,13.7,,,1,1019.74,2.1,0.251,627.6,1.047,1.326,2.319,2.446,56,67,,15.5,1.19,1.27,6117,4.28,2.027,6.19,7.22
HD 188015 b,,,476.75,41.32,-41.32,,13.36,,,1,461.2,1.203,0.137,977.5,0.765,0.97,1.711,1.805,100,100,,37.6,1.09,1.03,5746,4.45,1.036,7.008,8.24
HD 190647 b,,,630.89,10.49,-10.49,,13.08,,,1,1176.45,2.231,0.224,479.9,1.0,1.267,2.241,2.364,43,52,,37.4,1.07,1.38,5656,4.16,1.75,6.546,7.78
HD 190984 b,,,985.27,,,,13.01,,,1,4885.0,5.5,0.57,121.5,1.216,1.54,2.701,2.849,6,8,,48.0,0.91,1.53,5988,4.02,2.692,7.671,8.76
HD 191806 b,,,2707.91,200.23,-200.23,,12.39,,,1,1606.3,2.8,0.259,388.0,1.105,1.399,2.453,2.588,27,32,,139.6,1.14,1.05,6010,4.45,2.228,6.966,8.09
HD 192310 c,,,24.16,5.0,-5.0,,5.3,,,1,525.8,1.18,0.32,377.0,0.482,0.61,1.097,1.157,33,38,290.8,2.3,0.8,0.82,5166,4.51,0.385,4.112,5.73
HD 196050 b,,,1010.7,95.35,-95.35,,13.03,,,1,1378.0,2.51,0.23,468.6,1.097,1.389,2.444,2.578,39,46,,49.8,1.31,1.42,5879,4.25,2.163,6.378,7.5
HD 196067 b,,,2193.03,1239.5,-349.6,,12.59,,,1,3638.0,5.02,0.66,202.2,1.429,1.81,3.173,3.347,11,15,,102.1,1.29,1.73,6017,4.24,3.733,5.417,6.51
HD 196885 A b,,,820.0,50.85,-50.85,,13.12,,,1,1333.0,2.37,0.48,583.0,1.129,1.43,2.495,2.632,28,42,,46.0,1.28,1.31,6254,4.31,2.399,5.414,6.397
HD 197037 b,,,251.09,16.0,-16.0,,13.72,,,1,1035.7,2.07,0.22,495.0,0.915,1.158,2.025,2.136,40,48,,15.2,1.11,1.1,6150,4.4,1.554,5.772,6.823
HD 203473 b,,,2479.07,349.61,-349.61,,12.37,,,1,1552.9,2.73,0.289,325.7,1.001,1.267,2.235,2.357,21,26,,132.0,1.12,1.33,5780,,1.778,7.074,8.23
HD 2039 b,,,1999.15,368.68,-368.68,,12.5,,,1,1120.0,2.2,0.71,447.9,0.936,1.186,2.082,2.197,15,21,,151.8,1.23,1.19,5945,4.38,1.588,7.912,9.0
HD 205739 b,,,435.43,22.25,-28.6,,13.63,,,1,279.8,0.896,0.27,3895.2,1.109,1.404,2.454,2.588,0,20,,38.7,1.22,1.33,6176,4.29,2.291,7.585,8.56
HD 20782 b,,,472.87,33.22,-33.88,,13.47,,,1,597.06,1.3649,0.95,937.4,0.849,1.075,1.895,1.999,23,31,,111.9,1.04,1.13,5782,4.35,1.279,6.229,7.36
HD 207832 b,,,177.98,28.92,-28.92,,14.0,,,1,160.07,0.586,0.197,3085.7,0.663,0.84,1.484,1.565,0,31,,20.7,1.05,0.89,5726,,0.776,7.587,8.78
HD 207832 c,,,232.02,57.21,-15.89,,13.83,,,1,1155.7,2.112,0.27,236.5,0.662,0.839,1.482,1.563,0,6,,15.3,0.94,0.9,5710,,0.773,7.587,8.78
HD 20868 b,,,397.29,187.52,-187.52,,13.61,,,1,380.85,0.95,0.75,417.1,0.415,0.526,0.959,1.012,16,22,,99.1,0.39,0.76,4802,4.26,0.276,8.138,9.92
HD 210277 b,,,410.0,15.89,-15.89,,13.54,,,1,442.19,1.13,0.48,1033.6,0.748,0.948,1.683,1.776,76,86,,38.9,1.01,1.07,5538,4.38,0.967,5.275,6.543
HD 211810 b,,,212.95,139.85,-139.85,,14.08,,,1,1558.0,2.656,0.68,227.3,0.82,1.038,1.837,1.938,11,17,,15.7,1.03,1.13,5652,,1.175,7.339,8.59
HD 213240 b,,,1773.49,98.53,-98.53,,12.74,,,1,882.7,1.89,0.42,999.7,1.199,1.519,2.665,2.811,68,90,,96.2,1.57,1.51,5979,4.27,2.616,5.708,6.81
HD 214823 b,,,6451.95,826.36,-826.36,,12.01,,,1,1854.4,3.23,0.1641,612.0,1.608,2.037,3.577,3.773,69,100,,281.6,1.31,2.04,5933,,4.677,6.952,8.06
HD 215497 c,,,104.88,,,,12.96,,,1,567.94,1.282,0.49,323.1,0.486,0.615,1.109,1.17,26,29,,10.2,0.87,1.08,5113,4.31,0.389,7.339,8.96
HD 216435 b,,,400.47,41.3,-41.3,,13.53,,,1,1311.0,2.56,0.07,610.3,1.267,1.605,2.816,2.97,100,100,,19.7,1.3,1.59,5999,4.15,2.93,5.008,6.03
HD 216437 b,,,706.54,18.43,-18.43,,13.26,,,1,1334.28,2.497,0.317,463.0,1.083,1.371,2.41,2.542,36,42,,38.9,1.17,1.39,5909,4.19,2.115,5.044,6.04
HD 216520 c,,,9.44,1.63,-1.63,,2.9,,,1,154.43,0.528,0.12,1729.3,0.463,0.587,1.057,1.115,14,100,154.6,1.3,0.82,0.76,5103,4.54,0.353,5.951,7.53
HD 216770 b,,,181.16,15.89,-15.89,,13.98,,,1,118.45,0.46,0.37,4256.4,0.623,0.789,1.408,1.485,0,13,,31.0,0.74,0.93,5399,4.37,0.66,6.752,8.11
HD 217786 b,,,4131.79,254.25,-254.25,,12.26,,,1,1319.0,2.38,0.4,455.0,1.019,1.291,2.267,2.391,33,38,,257.3,1.02,1.27,5966,4.35,1.888,6.685,7.78
HD 217850 b,,,6865.13,826.36,-826.36,,11.97,,,1,3501.3,4.56,0.7621,82.6,0.854,1.081,1.92,2.025,6,7,,432.1,1.03,1.21,5544,,1.259,7.148,8.52
HD 218566 b,,,63.57,19.07,-19.07,,9.25,,,1,225.7,0.69,0.3,931.0,0.452,0.572,1.047,1.105,77,100,306.6,8.4,0.76,0.85,4730,4.46,0.325,6.824,8.6
HD 219077 b,,,3302.25,28.6,-28.6,,12.29,,,1,5501.0,6.22,0.77,93.9,1.254,1.588,2.836,2.992,6,8,,180.4,1.05,1.91,5362,4.0,2.661,4.64,6.12
HD 219415 b,,,317.83,,,,13.49,,,1,2093.3,3.2,0.4,555.7,1.612,2.042,3.723,3.927,43,59,,17.3,1.0,2.9,4820,3.51,4.169,7.023,8.909
HD 219828 c,,,4640.32,731.01,-731.01,,12.15,,,1,4682.0,5.79,0.8102,107.1,1.215,1.539,2.712,2.86,5,7,,268.9,1.18,1.61,5807,,2.63,6.871,8.04
HD 220773 b,,,460.85,95.0,-95.0,,13.38,,,1,3724.7,4.94,0.51,114.3,1.062,1.345,2.363,2.492,0,3,,20.0,1.16,1.35,5940,4.24,2.043,6.001,7.108
HD 221287 b,,,982.09,251.08,-251.08,,13.08,,,1,456.1,1.25,0.08,1449.9,0.936,1.186,2.067,2.181,74,100,,70.4,1.25,1.13,6304,4.43,1.66,6.843,7.82
HD 221585 b,,,511.71,44.5,-44.5,,13.36,,,1,1173.0,2.306,0.123,678.3,1.231,1.56,2.763,2.914,100,100,,27.8,1.19,1.7,5620,4.05,2.642,6.157,7.457
HD 222582 b,,,2660.24,127.13,-127.13,,12.54,,,1,572.38,1.34,0.73,979.5,0.851,1.078,1.901,2.005,31,44,,276.7,1.12,1.13,5790,4.38,1.288,6.522,7.68
HD 224538 b,,,1897.45,133.49,-133.49,,12.66,,,1,1189.1,2.28,0.464,775.0,1.264,1.602,2.803,2.956,37,56,,106.1,1.34,1.54,6097,4.19,2.951,7.041,8.06
HD 22781 b,,,4338.38,308.0,-308.0,,12.21,,,1,528.07,1.167,0.8191,296.4,0.425,0.539,0.974,1.027,10,14,,716.5,0.75,0.72,5027,4.6,0.296,7.149,8.78
HD 23079 b,,,829.54,34.96,-34.96,,13.02,,,1,730.6,1.6,0.1,698.1,0.849,1.075,1.886,1.989,100,100,,54.8,1.12,1.07,5974,4.43,1.309,6.03,7.12
HD 23127 b,,,485.33,11.76,-12.08,,13.43,,,1,1211.17,2.37,0.406,564.6,1.139,1.443,2.541,2.68,38,48,,28.0,1.21,1.49,5843,4.15,2.323,7.423,8.58
HD 23596 b,,,2870.0,235.19,-235.19,,12.4,,,1,1561.0,2.77,0.27,497.6,1.235,1.565,2.742,2.892,40,47,,126.6,1.47,1.53,6040,4.23,2.797,6.173,7.261
HD 238914 b,,,1906.98,858.14,-858.14,,12.68,,,1,4100.0,5.7,0.56,2974.4,6.659,8.435,15.411,16.255,27,57,,70.9,1.47,12.73,4769,2.37,70.795,6.941,8.77
HD 24040 c,,,63.88,8.58,-8.58,,9.27,,,1,515.4,1.3,0.11,1560.1,1.043,1.321,2.33,2.458,49,100,167.9,4.8,1.1,1.39,5776,4.2,1.931,6.279,7.515
HD 27442 b,,,495.81,44.5,-44.5,,13.55,,,1,428.1,1.271,0.06,2338.2,1.312,1.662,3.027,3.193,0,34,,36.7,1.23,2.36,4846,3.78,2.767,2.374,4.44
HD 27969 b,,,1525.58,76.28,-73.1,,12.71,,,1,654.5,1.552,0.182,1039.7,1.005,1.273,2.234,2.357,96,100,,103.2,1.16,1.27,5966,4.12,1.835,6.516,7.66
HD 28185 b,,,1875.2,76.28,-76.28,,12.65,,,1,379.0,1.02,0.05,1284.4,0.748,0.947,1.675,1.767,100,100,,163.1,1.02,1.03,5662,4.42,0.979,6.578,7.8
HD 28254 b,,,368.68,31.78,-19.07,,13.36,,,1,1116.0,2.15,0.81,646.1,1.118,1.416,2.504,2.641,19,25,,37.3,1.06,1.48,5664,4.12,2.188,6.395,7.69
HD 29021 b,,,762.79,63.57,-63.57,,13.2,,,1,1362.3,2.28,0.459,162.8,0.599,0.758,1.345,1.419,8,11,,55.1,0.85,0.85,5560,4.44,0.62,6.518,7.76
HD 30562 b,,,387.75,44.5,-44.5,,13.47,,,1,1157.0,2.34,0.76,694.5,1.245,1.577,2.773,2.925,20,28,,33.7,1.12,1.61,5882,4.07,2.786,4.984,5.775
HD 31253 b,,,197.05,38.14,-38.14,,13.96,,,1,466.0,1.26,0.3,3338.3,1.447,1.833,3.206,3.382,0,42,,12.0,1.7,1.75,6130,4.18,3.883,6.06,7.133
HD 31527 d,,,11.82,1.7,-1.64,,3.52,,,1,271.67,0.8098,0.24,2496.8,0.816,1.034,1.817,1.917,0,57,122.8,1.2,0.96,0.97,5898,4.45,1.199,6.373,7.49
HD 331093 b,,,476.75,34.96,-34.96,,13.39,,,1,621.62,1.44,0.59,993.5,0.935,1.184,2.102,2.217,45,65,,43.3,1.03,1.33,5544,4.2,1.509,7.043,8.38
HD 34445 b,,,260.62,28.6,-28.6,,13.85,,,1,1049.0,2.07,0.27,650.7,1.066,1.35,2.375,2.505,61,73,,15.6,1.14,1.38,5879,4.21,2.043,6.122,7.31
HD 34445 f,,,37.82,6.5,-6.5,,6.72,,,1,676.8,1.543,0.031,1151.9,1.06,1.343,2.364,2.494,100,100,108.9,2.6,1.07,1.38,5836,4.21,2.009,6.122,7.31
HD 38283 b,,,127.13,12.71,-12.71,,13.62,,,1,363.2,1.02,0.41,3346.6,1.184,1.5,2.631,2.775,0,49,,10.1,1.37,1.49,5981,4.23,2.551,5.645,6.69
HD 38529 c,,,4128.61,47.67,-47.67,,12.15,,,1,2136.1,3.64,0.3407,571.4,1.792,2.27,4.031,4.251,50,57,,172.4,1.41,2.56,5541,3.77,5.547,4.905,5.928
HD 38801 b,,,3082.32,182.12,-186.57,,12.5,,,1,685.25,1.623,0.017,1556.7,1.334,1.69,3.02,3.186,0,100,,195.9,1.21,2.03,5338,3.88,3.004,6.8,8.26
HD 39091 b,,,3184.66,47.67,-47.67,,12.47,,,1,2093.07,3.1,0.637,205.3,0.888,1.125,1.971,2.079,14,15,,193.9,1.09,1.1,6037,4.42,1.445,4.869,5.65
HD 40307 g,!,,7.09,2.6,-2.6,,2.53,,,1,197.8,0.6,0.29,870.6,0.376,0.476,0.864,0.911,82,100,116.7,1.0,0.77,0.85,4956,4.47,0.23,5.412,7.17
HD 40979 b,,,1484.27,108.06,-108.06,,12.78,,,1,264.15,0.85,0.25,3587.6,1.01,1.279,2.236,2.358,0,28,,119.0,1.45,1.21,6165,4.43,1.899,5.742,6.755
HD 4113 b,,,495.81,12.71,-12.71,,13.55,,,1,526.62,1.28,0.903,1015.6,0.833,1.055,1.865,1.967,27,36,,91.9,0.99,1.04,5688,4.4,1.219,6.672,7.88
HD 4203 b,,,708.76,66.74,-66.74,,13.17,,,1,431.88,1.17,0.52,1770.3,1.011,1.28,2.269,2.394,61,75,,60.4,1.25,1.42,5596,4.23,1.775,7.389,8.7
HD 43197 b,,,190.7,38.14,-12.71,,13.94,,,1,327.8,0.92,0.83,1176.4,0.651,0.825,1.466,1.546,37,52,,32.6,0.96,1.0,5508,4.31,0.729,7.658,8.98
HD 44219 b,,,184.34,19.07,-12.71,,14.07,,,1,472.3,1.19,0.61,1754.1,1.014,1.284,2.266,2.39,65,77,,19.1,1.0,1.32,5752,4.21,1.82,6.509,7.69
HD 45350 b,,,568.92,44.49,-44.49,,13.28,,,1,963.6,1.92,0.778,512.3,0.894,1.132,2.009,2.119,16,22,,59.4,0.98,1.26,5566,4.23,1.384,6.587,7.89
HD 45364 b,,,59.5,,,,8.85,,,1,226.93,0.6813,0.1684,1676.7,0.578,0.732,1.305,1.376,40,88,265.0,7.2,0.82,0.97,5434,4.38,0.57,6.748,8.08
HD 45364 c,,,209.1,,,,13.89,,,1,342.85,0.8972,0.0974,966.9,0.578,0.732,1.305,1.376,100,100,,21.9,0.82,0.97,5434,4.38,0.57,6.748,8.08
HD 4732 c,,,753.26,120.77,-120.77,,13.03,,,1,2732.0,4.6,0.23,999.1,3.089,3.912,7.091,7.48,78,100,,24.5,1.74,5.4,4959,3.16,15.488,4.338,5.9
HD 48265 b,,,484.69,15.57,-15.89,,13.39,,,1,778.51,1.814,0.211,1452.5,1.408,1.783,3.149,3.321,59,100,,28.8,1.31,1.9,5733,3.97,3.501,6.842,8.05
HD 50554 b,,,1574.53,123.63,-123.63,,12.63,,,1,1293.0,2.353,0.501,342.7,0.874,1.107,1.941,2.048,23,26,,103.7,1.04,1.02,5987,,1.39,5.776,6.856
HD 5319 c,,,334.67,22.88,-22.88,,13.7,,,1,872.2,1.93,0.183,3053.2,2.274,2.881,5.241,5.528,0,9,,19.4,1.27,4.06,4871,3.26,8.331,6.348,8.05
HD 55696 b,,,1230.0,228.84,-228.84,,12.79,,,1,1827.0,3.18,0.705,363.3,1.214,1.537,2.696,2.843,13,18,,76.4,1.29,1.52,6012,,2.692,6.9,7.95
HD 564 b,,,104.88,9.54,-9.54,,12.82,,,1,492.3,1.2,0.096,1053.5,0.785,0.995,1.748,1.844,100,100,,8.8,0.96,1.01,5902,4.53,1.111,7.218,8.32
HD 63765 b,,,168.45,9.53,-9.53,,14.02,,,1,358.0,0.94,0.24,842.4,0.565,0.716,1.274,1.344,98,100,,20.8,0.65,0.83,5449,4.41,0.545,6.768,8.1
HD 65216 b,,,411.59,19.71,-19.71,,13.65,,,1,577.6,1.301,0.27,621.1,0.665,0.842,1.493,1.574,61,73,,36.0,0.87,0.93,5612,4.44,0.77,6.763,7.97
HD 66428 b,,,1018.33,13.67,-13.67,,13.07,,,1,2263.12,3.467,0.493,137.0,0.825,1.044,1.842,1.943,5,8,,54.1,1.08,1.1,5773,4.36,1.207,7.044,8.25
HD 67087 c,,,1541.48,3180.0,-1150.0,,12.88,,,1,2374.0,3.86,0.76,317.7,1.351,1.712,2.982,3.145,10,14,,92.4,1.36,1.55,6330,4.19,3.467,7.098,8.05
HD 69830 d,,,18.12,,,,4.36,,,1,197.0,0.63,0.07,2072.4,0.596,0.755,1.347,1.421,0,80,,2.2,0.86,0.0,5385,,0.603,4.953,5.96
HD 70573 b,,,1938.76,130.0,-130.0,,12.59,,,1,851.8,1.76,0.4,301.6,0.622,0.788,1.392,1.468,21,24,,142.2,1.0,0.84,5737,4.59,0.684,7.558,8.667
HD 7199 b,,,85.81,9.53,-9.53,,11.0,,,1,615.0,1.36,0.19,518.8,0.644,0.816,1.457,1.537,57,69,,7.8,0.77,0.97,5371,4.35,0.703,6.664,8.06
HD 73534 b,,,353.43,18.75,-18.75,,13.72,,,1,1750.0,2.99,0.126,533.4,1.47,1.862,3.38,3.565,100,100,,17.1,1.16,2.58,4917,3.6,3.493,6.524,8.23
HD 7449 b,,,161.46,35.28,-35.28,,14.01,,,1,1255.5,2.38,0.92,253.1,0.758,0.96,1.682,1.774,7,9,,23.6,1.05,0.94,6024,4.51,1.05,6.425,7.5
HD 75784 c,,,1792.56,228.84,-228.84,,12.66,,,1,7900.0,8.4,0.489,112.7,1.902,2.409,4.383,4.623,3,6,,56.4,1.26,3.4,4867,3.46,5.824,6.092,7.84
HD 75898 b,,,861.32,114.42,-114.42,,13.09,,,1,422.9,1.191,0.11,2775.4,1.26,1.596,2.802,2.955,0,35,,63.2,1.26,1.58,5963,,2.884,6.925,8.03
HD 79498 b,,,425.89,66.74,-66.74,,13.61,,,1,1807.0,2.98,0.575,164.7,0.778,0.986,1.74,1.835,11,13,,25.9,1.08,1.05,5748,,1.072,6.851,8.05
HD 80606 b,,,1392.1,235.19,-235.19,,11.74,0.34,-0.34,,111.44,0.47479806,0.93,5623.5,0.733,0.928,1.646,1.737,0,54,,457.4,1.15,1.04,5561,4.42,0.929,7.702,9.06
HD 80869 b,,,1544.65,206.59,-92.17,,12.78,,,1,1711.7,2.878,0.862,193.0,0.809,1.025,1.805,1.904,6,8,,154.3,1.08,1.06,5837,4.18,1.171,7.259,8.48
HD 81040 b,,,2310.62,311.47,-311.47,,12.78,,,1,1001.7,1.94,0.53,295.8,0.679,0.86,1.517,1.6,21,23,,167.8,1.05,0.91,5755,4.54,0.816,6.505,7.72
HD 82943 b,,,534.27,8.9,-8.9,,13.49,,,1,441.47,1.18306,0.162,1524.5,0.929,1.177,2.068,2.181,56,100,,43.2,1.08,1.18,5935,4.33,1.563,5.509,6.55
HD 82943 c,,,622.63,14.94,-14.94,,13.28,,,1,220.08,0.74345,0.3663,3860.5,0.929,1.177,2.068,2.181,0,35,,67.3,1.08,1.18,5935,4.33,1.563,5.509,6.55
HD 8535 b,,,216.12,22.25,-12.71,,14.02,,,1,1313.0,2.45,0.15,409.9,0.986,1.249,2.183,2.303,21,32,,11.8,1.13,1.19,6136,4.46,1.802,6.735,7.7
HD 85390 b,,,31.47,3.18,-3.18,,6.15,,,1,799.52,1.373,0.5,380.7,0.563,0.713,1.281,1.351,25,33,118.8,3.0,0.76,0.9,5186,4.41,0.526,7.012,8.54
HD 86264 b,,,2224.81,508.53,-508.53,,12.56,,,1,1475.0,2.86,0.7,762.8,1.563,1.98,3.457,3.646,23,32,,138.1,1.42,1.88,6210,4.02,4.571,6.505,7.41
HD 8673 b,,,4513.19,508.51,-508.51,,12.22,,,1,1634.0,3.02,0.723,507.1,1.331,1.686,2.935,3.095,15,21,,298.8,1.28,1.5,6389,4.19,3.388,5.44,6.331
HD 9174 b,,,352.79,44.5,-44.5,,13.55,,,1,1179.0,2.2,0.12,679.7,1.179,1.493,2.648,2.793,100,100,,21.1,1.03,1.67,5577,4.03,2.41,7.134,8.4
HD 92788 b,,,1195.04,50.85,-47.67,,12.79,,,1,325.8,0.97,0.35,1842.8,0.848,1.073,1.895,1.999,51,72,,107.8,1.15,1.14,5744,4.39,1.27,6.131,7.316
HD 93083 b,,,117.6,,,,13.26,,,1,143.58,0.477,0.14,2461.0,0.502,0.636,1.15,1.213,0,42,,18.4,0.7,1.03,4995,4.26,0.41,6.694,8.3
HD 94834 b,,,400.47,54.03,-54.03,,13.32,,,1,1576.0,2.74,0.14,1526.1,2.29,2.901,5.293,5.583,40,100,,20.7,1.11,4.2,4798,3.22,8.393,5.818,7.6
HD 95089 c,,,1096.51,44.5,-44.5,,12.96,,,1,1785.0,3.33,0.284,1668.5,2.895,3.667,6.658,7.022,47,74,,45.1,1.54,5.08,4918,3.24,13.554,6.24,7.92
HD 96167 b,,,227.88,12.71,-12.71,,13.78,,,1,498.04,1.332,0.685,2808.4,1.438,1.821,3.215,3.391,51,68,,21.5,1.27,1.94,5733,3.99,3.65,6.926,8.09
HD 98649 b,,,2158.07,168.45,-98.53,,12.58,,,1,6022.97,6.57,0.86,32.6,0.761,0.964,1.699,1.792,3,3,,145.1,1.03,1.01,5790,4.51,1.029,6.811,8.0
HD 99109 b,,,139.85,25.43,-25.43,,14.01,,,1,439.3,1.11,0.09,743.6,0.633,0.801,1.435,1.513,100,100,,14.2,0.76,0.98,5282,4.34,0.671,7.626,9.1
HIP 109384 b,,,495.81,25.43,-25.43,,13.42,,,1,499.48,1.134,0.549,544.4,0.556,0.704,1.266,1.335,27,38,,56.4,0.78,0.89,5180,4.43,0.513,8.157,9.61
HIP 109600 b,,,851.78,38.14,-38.14,,12.97,,,1,232.08,0.706,0.163,1943.4,0.641,0.813,1.443,1.522,14,74,,98.4,0.87,0.92,5530,4.45,0.71,7.881,9.18
HIP 114933 b,,,616.59,63.57,-63.57,,13.18,,,1,1481.6,2.84,0.21,2336.2,2.934,3.716,6.774,7.145,0,52,,28.4,1.39,5.27,4823,2.99,13.804,5.564,7.25
HIP 12961 b,,,114.42,22.25,-22.25,,12.8,,,1,57.44,0.25,0.17,1918.6,0.241,0.305,0.581,0.613,0,62,,24.6,0.69,0.65,3901,4.65,0.088,7.558,10.25
HIP 14810 d,,,187.52,31.78,-31.78,,14.07,,,1,981.8,1.94,0.185,354.4,0.752,0.953,1.691,1.784,21,30,,12.2,1.01,1.07,5544,,0.977,7.202,8.52
HIP 5158 b,,,451.32,,,,13.45,,,1,345.72,0.89,0.52,189.4,0.26,0.329,0.597,0.63,15,17,,56.7,0.78,0.95,4962,4.37,0.11,8.28,10.16
HIP 56640 b,,,1166.44,60.39,-60.39,,12.93,,,1,2574.9,3.73,0.12,1100.8,2.651,3.358,6.135,6.471,84,100,,53.3,1.04,4.93,4769,2.91,11.22,6.133,7.94
HIP 57274 d,,,167.4,8.0,-8.0,,14.01,,,1,431.7,1.01,0.27,2072.5,0.99,1.254,2.304,2.431,19,61,,18.1,0.73,0.68,4640,4.71,1.549,6.958,8.97
HIP 67537 b,,,3527.91,127.13,-349.61,,12.35,,,1,2556.5,4.91,0.59,2344.1,5.043,6.388,11.568,12.201,49,68,,113.3,2.41,8.69,4985,2.85,41.4,5.053,6.43
HIP 67851 c,,,1900.62,241.55,-241.55,,12.62,,,1,2131.8,3.82,0.17,1640.7,3.297,4.176,7.592,8.007,36,83,,69.0,1.63,5.92,4890,3.15,17.539,4.479,6.17
HIP 75092 b,,,568.92,47.67,-47.67,,13.3,,,1,926.4,2.02,0.42,3503.0,2.547,3.227,5.865,6.186,0,39,,34.9,1.28,4.53,4891,3.09,10.471,5.358,7.11
HIP 97233 b,,,6356.6,127.1,-127.1,,12.08,,,1,1058.8,2.55,0.61,3357.9,3.13,3.964,7.168,7.561,22,56,,322.6,1.93,5.34,5020,3.26,15.996,5.671,7.34
HR 810 b,,,721.47,79.46,-79.46,,13.33,,,1,302.8,0.92,0.14,2674.4,0.944,1.195,2.089,2.204,0,49,,57.0,1.34,1.13,6167,4.46,1.658,4.75,5.4
iot Dra c,,,4958.15,4449.6,-1620.92,,12.11,,,1,25000.0,19.4,0.455,191.2,5.806,7.354,13.597,14.341,16,18,,90.7,1.54,11.79,4504,2.48,52.723,1.293,3.297
K2-125 b,,,5.26,,,1,2.13,0.19,-0.18,,21.75,0.121,0.08,2388.9,0.131,0.165,0.319,0.336,0,3,19.7,1.9,0.49,0.4,3654,,0.026,12.609,16.4
K2-18 b,,,8.92,1.7,-1.6,,2.32,0.22,-0.22,,32.94,0.1429,0.2,1440.9,0.12,0.152,0.296,0.312,46,83,33.0,3.6,0.36,0.41,3457,,0.022,9.763,13.477
K2-288 B b,,,4.55,,,1,1.87,0.3,-0.3,,31.39,0.164,0.0,596.3,0.089,0.112,0.22,0.232,100,100,,1.9,0.33,0.32,3341,4.96,0.012,,
K2-3 d,,<=,2.8,,,,1.52,,,,44.56,0.20745076,0.0,2057.6,0.207,0.262,0.499,0.527,0,100,28.7,0.7,0.6,0.56,3896,4.73,0.065,9.421,12.168
K2-332 b,,,5.26,,,1,2.15,0.19,-0.15,,17.71,0.08592726,0.0,1571.6,0.076,0.096,0.188,0.198,0,100,16.1,3.1,0.27,0.28,3315,4.97,0.009,13.501,
K2-72 e,,,2.42,,,1,1.26,0.14,-0.13,,24.16,0.106,0.11,1514.8,0.091,0.116,0.227,0.239,20,100,2.7,1.3,0.27,0.33,3360,,0.012,11.685,15.37
K2-9 b,,,5.83,,,1,2.21,0.53,-0.96,,18.45,0.091,0.0,1977.3,0.09,0.114,0.222,0.234,0,100,24.5,3.1,0.3,0.31,3390,,0.012,12.451,15.86
kap CrB b,,,575.59,18.12,-18.12,,13.34,,,1,1285.0,2.65,0.167,2311.0,2.717,3.441,6.261,6.603,0,51,,26.2,1.5,4.85,4871,3.26,11.889,3.035,4.797
KELT-6 c,,,1179.15,66.74,-66.74,,12.87,,,1,1276.0,2.39,0.21,777.2,1.313,1.664,2.901,3.06,100,100,,65.4,1.13,1.53,6272,4.12,3.252,9.302,10.371
Kepler-1058 b,,,7.8,,,1,2.67,0.11,-0.32,,110.97,0.40690247,0.0,1639.2,0.355,0.449,0.825,0.871,0,100,4.8,1.3,0.73,0.69,4644,4.63,0.199,13.729,15.869
Kepler-1086 c,,,8.65,,,1,2.87,0.11,-0.13,,161.52,0.51534865,0.0,719.8,0.301,0.381,0.709,0.748,100,100,5.0,1.3,0.7,0.66,4350,4.65,0.14,13.691,16.002
Kepler-1090 b,,,5.37,,,1,2.21,0.21,-0.17,,198.68,0.63366542,0.0,1645.2,0.536,0.679,1.214,1.281,0,100,3.0,0.7,0.86,0.82,5321,4.55,0.484,13.596,15.31
Kepler-1097 b,,,9.59,,,1,3.19,0.26,-0.26,,187.75,0.60058916,0.0,1563.6,0.498,0.631,1.133,1.195,0,100,4.8,1.2,0.82,0.79,5211,4.57,0.413,13.838,15.652
Kepler-1143 c,,,11.81,,,1,3.52,0.51,-0.35,,210.63,0.64580311,0.0,1135.9,0.46,0.583,1.053,1.11,100,100,5.5,1.5,0.81,0.77,5053,4.58,0.347,13.679,15.493
Kepler-1229 b,,,2.82,,,1,1.37,0.11,-0.13,,86.83,0.31248697,0.0,669.3,0.178,0.226,0.432,0.456,100,100,0.5,0.6,0.54,0.51,3784,4.75,0.048,13.228,16.124
Kepler-1318 b,,,9.02,,,1,3.04,0.17,-0.15,,213.26,0.62897716,0.0,678.5,0.353,0.448,0.824,0.869,100,100,5.3,1.2,0.73,0.7,4598,4.62,0.197,13.514,15.531
Kepler-1341 b,,,8.65,,,1,2.93,0.42,-0.37,,133.0,0.47136868,0.0,1350.8,0.373,0.472,0.867,0.914,0,100,6.2,1.3,0.79,0.72,4662,4.62,0.22,13.285,15.356
Kepler-1362 b,,,6.88,,,1,2.55,0.12,-0.19,,136.21,0.48093257,0.0,1614.8,0.412,0.522,0.951,1.003,0,100,3.3,1.0,0.8,0.74,4857,4.6,0.274,14.208,16.05
Kepler-1410 b,,,3.7,,,1,1.74,0.12,-0.14,,60.87,0.25959021,0.0,1835.7,0.244,0.309,0.582,0.614,0,100,4.1,0.8,0.63,0.6,4092,4.67,0.091,13.586,16.319
Kepler-150 f,,,11.56,,,1,3.57,0.52,-0.39,,637.21,1.24,0.0,612.8,0.633,0.801,1.424,1.501,100,100,3.4,0.9,0.97,0.91,5528,4.51,0.69,13.817,15.161
Kepler-1519 b,,,38.51,,,1,6.91,0.81,-0.54,,240.8,0.74199872,0.0,1870.5,0.657,0.832,1.473,1.554,0,100,9.5,4.1,0.94,0.91,5644,4.5,0.754,13.642,15.124
Kepler-1540 b,,,6.21,,,1,2.44,0.19,-0.14,,125.41,0.44350315,0.0,1260.3,0.34,0.431,0.796,0.839,100,100,8.4,1.0,0.74,0.69,4540,4.63,0.182,12.25,14.429
Kepler-1544 b,,,4.1,,,1,1.74,0.09,-0.07,,168.81,0.55721136,0.0,1231.9,0.417,0.528,0.96,1.012,100,100,3.7,0.5,0.81,0.74,4886,4.61,0.28,12.48,14.287
Kepler-1545 b,,,7.48,,,1,2.64,0.22,-0.18,,163.69,0.55254736,0.0,1879.9,0.503,0.637,1.144,1.206,0,100,3.9,1.0,0.84,0.8,5201,4.57,0.42,13.643,15.256
Kepler-1549 b,,,6.88,,,1,2.51,0.22,-0.2,,214.89,0.67280808,0.0,1534.9,0.55,0.696,1.245,1.313,0,100,2.9,0.8,0.88,0.84,5324,4.54,0.509,13.791,15.353
Kepler-1552 b,,,6.21,,,1,2.41,0.11,-0.1,,184.77,0.60138743,0.0,1509.7,0.49,0.621,1.116,1.177,0,100,3.8,0.8,0.85,0.78,5202,4.58,0.4,13.504,15.203
Kepler-1554 b,,,8.13,,,1,2.84,0.23,-0.27,,198.09,0.62746643,0.0,1607.9,0.525,0.665,1.191,1.256,0,100,3.0,1.0,0.84,0.81,5297,4.56,0.464,14.367,15.93
Kepler-1593 b,,,9.2,,,1,3.11,0.3,-0.28,,174.51,0.56968192,0.0,1393.8,0.451,0.571,1.034,1.091,0,100,4.0,1.2,0.81,0.77,4995,4.59,0.331,14.188,16.19
Kepler-1600 b,,,9.11,,,1,3.06,0.28,-0.17,,386.37,0.98724813,0.0,624.9,0.518,0.656,1.177,1.241,100,100,2.6,0.9,0.86,0.82,5214,4.55,0.446,14.351,16.076
Kepler-1606 b,,,5.04,,,1,2.03,0.23,-0.15,,196.44,0.6384858,0.0,1921.7,0.58,0.735,1.31,1.382,0,100,2.0,0.6,0.9,0.86,5422,4.53,0.574,13.875,15.396
Kepler-1625 b,,,28.21,,,1,5.94,0.87,-0.53,,287.38,0.84071966,0.0,1591.4,0.685,0.868,1.535,1.619,0,100,5.3,2.8,0.96,0.94,5677,4.48,0.824,14.364,16.227
Kepler-1628 b,,,34.71,,,1,6.3,0.94,-0.51,,76.38,0.28864057,0.0,765.0,0.176,0.223,0.429,0.452,100,100,15.6,7.8,0.55,0.52,3724,4.74,0.047,14.126,17.83
Kepler-1632 b,,,6.34,,,1,2.41,0.84,-0.35,,448.3,1.19045127,0.0,1737.2,0.986,1.249,2.184,2.304,0,100,3.2,0.5,1.12,1.19,6137,4.33,1.804,12.033,13.22
Kepler-1634 b,,,9.02,,,1,3.13,0.52,-0.6,,374.88,0.9895674,0.0,890.1,0.61,0.773,1.376,1.451,100,100,4.4,0.8,0.92,0.89,5474,4.51,0.639,13.198,14.636
Kepler-1635 b,,,12.56,,,1,3.57,0.33,-0.67,,469.63,1.13734459,0.0,559.5,0.56,0.71,1.268,1.337,100,100,2.7,1.1,0.89,0.85,5347,4.53,0.53,14.345,15.82
Kepler-1636 b,,,9.8,,,1,3.16,0.76,-0.35,,425.48,1.11074897,0.0,1167.1,0.77,0.975,1.719,1.813,100,100,1.8,0.8,1.01,1.02,5797,4.43,1.055,14.645,15.807
Kepler-1638 b,,,4.45,,,1,1.83,0.33,-0.22,,259.34,0.78781492,0.0,1894.5,0.699,0.886,1.565,1.651,0,100,1.6,0.5,0.97,0.95,5710,4.47,0.861,13.55,14.769
Kepler-1649 c,,,2.02,,,1,1.04,0.15,-0.1,,19.54,0.08301319,0.0,1022.9,0.059,0.075,0.147,0.155,100,100,1.0,1.4,0.2,0.23,3240,5.0,0.005,13.379,17.95
Kepler-1652 b,,,3.0,,,1,1.57,0.18,-0.18,,38.1,0.1654,0.0,1148.3,0.124,0.157,0.303,0.319,100,100,6.1,1.1,0.4,0.38,3638,4.88,0.023,13.454,16.86
Kepler-1653 b,,,5.26,,,1,2.13,0.16,-0.23,,140.25,0.4706,0.0,1425.1,0.38,0.481,0.878,0.926,0,100,2.3,0.8,0.72,0.69,4807,4.62,0.231,13.88,15.864
Kepler-1654 b,,,151.41,,,1,8.99,0.213,-0.191,,1047.84,2.026,0.26,409.1,0.841,1.066,1.889,1.992,34,40,2.9,9.8,1.01,1.18,5597,4.3,1.23,12.281,13.497
Kepler-1690 b,,,7.48,,,1,2.75,,,,234.64,0.72928376,0.0,1466.7,0.58,0.734,1.31,1.381,0,100,4.0,0.8,0.94,0.86,5404,4.54,0.571,13.413,14.882
Kepler-1701 b,,,5.71,,,1,2.17,,,,169.13,0.57137056,0.0,1863.4,0.519,0.658,1.183,1.248,0,100,3.1,0.7,0.87,0.84,5146,4.53,0.446,13.232,14.722
Kepler-1704 b,,,1318.99,92.17,-92.17,,11.69,0.48,-0.46,,988.88,2.026,0.921,941.6,1.265,1.603,2.829,2.984,24,32,,199.9,1.13,1.7,5745,4.03,2.831,12.138,13.392
Kepler-1708 b,,<=,1482.35,,,,9.75,0.6,-0.59,,737.11,1.64,0.4,771.7,0.904,1.145,2.002,2.112,44,67,0.3,107.8,1.09,1.12,6157,4.37,1.521,14.429,15.823
Kepler-174 d,,,5.2,,,1,2.14,0.13,-0.13,,247.35,0.677,0.0,582.9,0.348,0.441,0.803,0.847,100,100,5.4,,,0.62,4880,4.68,0.196,12.791,14.53
Kepler-1840 b,,,7.33,,,1,2.72,,,,131.19,0.46311434,0.0,2104.9,0.453,0.573,1.042,1.099,0,100,4.8,1.1,0.77,0.8,4898,4.52,0.331,13.477,15.192
Kepler-186 f,!,,2.2,,,1,1.14,0.08,-0.08,,129.94,0.432,0.04,402.0,0.191,0.242,0.464,0.489,100,100,0.4,0.4,0.54,0.52,3755,4.74,0.055,12.473,15.138
Kepler-1868 b,,,9.59,,,1,3.08,,,,211.03,0.62743636,0.0,697.7,0.357,0.452,0.829,0.875,100,100,9.8,1.3,0.74,0.69,4658,4.63,0.201,12.224,14.157
Kepler-1881 b,,,8.47,,,1,2.92,,,,159.39,0.53629096,0.0,2242.6,0.535,0.677,1.22,1.286,0,100,2.9,1.1,0.81,0.87,5135,4.46,0.472,14.423,15.898
Kepler-22 b,,,6.21,,,1,2.33,0.13,-0.13,,289.86,0.849,0.0,1497.4,0.678,0.858,1.525,1.608,0,100,5.5,0.6,0.97,0.98,5518,4.44,0.791,10.523,11.751
Kepler-283 c,,,4.1,,,1,1.78,0.12,-0.12,,92.74,0.341,0.0,1227.3,0.26,0.329,0.613,0.646,100,100,3.3,,,0.57,4351,4.72,0.105,13.927,16.216
Kepler-296 e,,,3.07,,,1,1.49,0.27,-0.25,,34.14,0.169,0.33,1934.4,0.164,0.208,0.399,0.42,33,63,0.8,1.0,0.5,0.48,3740,4.77,0.04,13.391,16.363
Kepler-296 f,,,3.77,,,1,1.77,0.31,-0.3,,63.34,0.255,0.33,849.6,0.164,0.208,0.399,0.42,78,100,5.9,1.0,0.5,0.48,3740,4.77,0.04,13.391,16.363
Kepler-298 d,,,6.47,,,1,2.45,0.2,-0.2,,77.47,0.305,0.0,1761.5,0.277,0.351,0.651,0.686,0,100,6.4,,,0.58,4465,4.71,0.12,13.718,15.617
Kepler-309 c,,,6.47,,,1,2.46,0.18,-0.18,,105.36,0.401,0.0,1949.4,0.38,0.482,0.882,0.93,0,100,4.8,,,0.72,4713,4.61,0.23,13.504,15.418
Kepler-315 c,,,14.53,,,1,4.06,0.96,-0.96,,265.47,0.791,0.0,2390.9,0.785,0.994,1.752,1.848,0,100,3.5,,,1.04,5796,4.38,1.096,13.982,15.546
Kepler-351 d,,,7.33,,,1,2.67,0.19,-0.3,,142.54,0.49779702,0.0,2242.7,0.494,0.626,1.123,1.185,0,100,2.8,1.0,0.81,0.78,5225,4.58,0.407,14.669,16.229
Kepler-419 c,,,2320.16,127.1,-127.1,,12.49,,,1,675.47,1.68,0.184,2247.3,1.555,1.97,3.426,3.614,13,69,,137.7,1.39,1.74,6430,4.1,4.647,12.088,13.089
Kepler-424 c,,,2215.28,197.05,-197.05,,12.52,,,1,223.3,0.73,0.0,1813.4,0.643,0.815,1.45,1.53,0,100,,230.9,1.01,0.94,5460,4.5,0.708,12.905,14.429
Kepler-436 b,,,6.88,,,1,2.63,0.23,-0.24,,64.0,0.339,0.19,2364.5,0.355,0.449,0.825,0.871,0,48,4.7,1.4,0.73,0.7,4651,4.62,0.199,14.083,15.971
Kepler-438 b,,,1.94,,,1,1.1,0.16,-0.17,,35.23,0.166,0.03,2177.4,0.171,0.216,0.415,0.438,0,7,0.8,0.6,0.54,0.52,3748,4.74,0.044,12.13,15.104
Kepler-440 b,,,4.23,,,1,1.87,0.24,-0.19,,101.11,0.242,0.34,1843.0,0.227,0.288,0.542,0.572,40,66,6.7,0.9,0.57,0.56,4134,4.71,0.079,12.96,15.637
Kepler-441 b,,,3.62,,,1,1.65,0.22,-0.24,,207.25,0.64,0.1,296.3,0.24,0.304,0.566,0.597,0,24,3.4,0.6,0.57,0.55,4340,4.71,0.089,13.04,15.567
Kepler-442 b,,,2.88,,,1,1.32,0.11,-0.18,,112.31,0.409,0.04,954.3,0.274,0.348,0.646,0.681,100,100,0.3,0.5,0.61,0.6,4402,4.67,0.117,13.233,15.322
Kepler-443 b,,,5.71,,,1,2.3,0.19,-0.22,,177.67,0.495,0.11,1207.6,0.369,0.468,0.856,0.903,70,100,2.7,0.8,0.74,0.71,4723,4.61,0.217,14.365,16.207
Kepler-452 b,!,,3.47,,,1,1.59,0.23,-0.2,,384.84,1.046,0.0,1516.0,0.828,1.049,1.851,1.953,0,100,1.1,0.3,1.04,1.11,5757,4.32,1.215,12.263,13.54
Kepler-454 c,,,1417.52,38.14,-38.14,,12.77,,,1,523.9,1.28440553,0.0214,898.5,0.786,0.995,1.759,1.855,100,100,,110.0,1.03,1.07,5701,4.37,1.086,10.357,11.567
Kepler-539 c,,,762.79,381.4,-381.4,,13.04,,,1,1000.0,2.42,0.5,216.7,0.722,0.914,1.61,1.699,15,17,,54.4,1.05,0.95,5820,4.5,0.93,11.294,12.444
Kepler-553 c,,,2267.97,,,1,10.96,0.32,-0.31,,328.24,0.90569311,0.0,830.1,0.546,0.691,1.239,1.306,100,100,,221.2,0.92,0.85,5266,4.55,0.499,13.578,15.034
Kepler-56 d,,,1783.03,120.0,-120.0,,12.76,,,1,1002.0,2.16,0.2,2523.8,2.319,2.938,5.356,5.65,0,44,,,,4.22,4819,,8.626,10.813,12.598
Kepler-61 b,,,5.15,,,1,2.11,0.13,-0.13,,59.88,0.25812311,0.25,1841.1,0.243,0.308,0.583,0.615,27,65,3.9,1.2,0.64,0.62,4017,,0.09,13.078,15.277
Kepler-62 e,,,3.51,,,1,1.58,0.05,-0.05,,122.39,0.427,0.0,1571.4,0.36,0.456,0.828,0.873,0,100,3.3,0.6,0.69,0.64,4925,4.68,0.21,12.256,13.965
Kepler-62 f,,,2.65,,,1,1.38,0.07,-0.07,,267.29,0.718,0.0,555.8,0.36,0.456,0.828,0.873,100,100,0.3,0.3,0.69,0.64,4925,4.68,0.21,12.256,13.965
Kepler-68 d,,,244.73,9.53,-9.53,,13.84,,,1,634.6,1.47353173,0.112,1070.1,0.973,1.233,2.169,2.288,100,100,,17.6,1.06,1.26,5875,4.26,1.702,8.975,10.077
Kepler-69 c,,,3.47,,,1,1.68,0.34,-0.23,,242.46,0.64,0.14,2665.5,0.677,0.857,1.518,1.601,0,41,1.8,0.4,0.81,0.93,5638,4.4,0.8,12.631,13.866
Kepler-705 b,,,4.84,,,1,2.06,0.1,-0.08,,56.06,0.23196963,0.0,1136.9,0.173,0.219,0.42,0.443,100,100,6.8,1.2,0.53,0.51,3722,4.75,0.045,13.446,16.331
Kepler-712 c,,,19.42,,,1,4.75,0.26,-0.41,,226.89,0.68690196,0.0,1109.9,0.482,0.61,1.098,1.158,100,100,5.1,2.3,0.84,0.78,5148,4.58,0.384,14.399,16.161
Kepler-88 d,,,969.53,44.01,-44.01,,12.88,,,1,1403.0,2.44441161,0.41,148.3,0.616,0.78,1.388,1.464,0,4,,61.0,0.99,0.9,5466,,0.649,11.882,13.209
Kepler-967 c,,,11.81,,,1,3.58,0.15,-0.13,,198.71,0.62878025,0.0,1426.2,0.499,0.632,1.136,1.198,0,100,7.8,1.5,0.84,0.8,5178,4.56,0.413,12.991,14.702
Kepler-97 c,,>=,343.26,,,,13.57,,,1,789.0,1.63688479,0.0,490.0,0.736,0.932,1.644,1.734,100,100,,24.7,0.94,0.98,5779,4.43,0.962,11.744,12.994
Kepler-991 b,,,6.47,,,1,2.49,0.13,-0.12,,82.53,0.31969828,0.0,1660.2,0.283,0.358,0.666,0.703,0,100,7.2,1.3,0.64,0.61,4392,4.67,0.124,13.329,15.626
KIC 10525077 b,,,26.51,,,1,5.39,0.9,-0.8,,854.08,1.76752135,0.0,550.8,0.827,1.047,1.833,1.933,100,100,3.1,1.8,1.01,1.01,6091,4.42,1.261,14.143,15.592
KIC 5437945 b,,,31.29,,,1,6.27,1.6,-1.6,,440.78,1.15931341,0.0,2265.4,1.083,1.372,2.39,2.521,0,100,7.7,2.5,1.07,1.24,6340,4.16,2.23,12.667,13.834
KIC 5951458 b,!,,35.44,,,1,6.46,26.3,-4.2,,1320.1,2.33921822,0.0,793.7,1.3,1.647,2.873,3.03,100,100,6.1,2.1,0.98,1.52,6258,4.08,3.181,11.64,12.836
KIC 7917485 b,,,3750.39,254.26,-190.7,,12.26,,,1,840.0,2.05040452,0.15,3217.1,2.195,2.781,4.801,5.064,0,39,,184.8,1.63,2.11,7067,4.0,9.908,12.303,13.166
KIC 9663113 b,,,17.87,,,1,4.5,0.6,-0.7,,572.38,1.34006191,0.0,979.7,0.837,1.06,1.857,1.959,100,100,5.5,1.4,0.98,1.03,6065,4.42,1.289,12.823,14.027
KOI-351 h,,,2438.61,,,1,11.06,1.0,,,331.6,1.01,0.0,2364.2,0.979,1.24,2.172,2.291,0,100,,198.7,1.2,1.2,6080,4.4,1.767,12.79,13.883
KOI-3680 b,,,613.41,60.39,-66.74,,10.86,0.673,-0.785,,141.24,0.534,0.496,4575.9,0.731,0.926,1.632,1.721,0,34,,86.1,1.01,0.96,5830,4.47,0.956,13.384,14.616
LHS 1140 b,,,6.38,0.46,-0.44,,1.6,0.05,-0.05,,24.74,0.0957,0.096,484.5,0.047,0.059,0.118,0.125,100,100,83.4,4.3,0.19,0.21,2988,,0.003,9.612,14.15
PH2 b,,,1768.24,,,1,9.91,0.56,-0.56,,282.53,0.828,0.41,1574.3,0.673,0.853,1.51,1.593,61,77,0.9,196.2,0.94,1.0,5629,4.41,0.791,11.501,12.645
Proxima Cen b,,,1.27,0.19,-0.17,,1.09,,,1,11.19,0.0485,0.35,898.8,0.032,0.041,0.081,0.086,75,94,195.6,1.6,0.12,0.14,3050,,0.002,5.357,11.01
psi 1 Dra B b,,,486.28,31.78,-31.78,,13.56,,,1,3117.0,4.43,0.4,191.2,1.212,1.535,2.68,2.827,3,8,,20.7,1.19,1.43,6212,4.2,2.748,5.001,5.808
Ross 128 b,,,1.4,0.21,-0.21,,1.09,,,1,9.87,0.0496,0.116,2009.9,0.049,0.063,0.123,0.13,0,55,66.1,1.4,0.17,0.2,3192,,0.004,6.505,11.12
Ross 508 b,,,4.0,0.53,-0.55,,1.78,,,1,10.77,0.05366,0.33,1701.5,0.049,0.062,0.124,0.13,43,69,251.7,3.9,0.18,0.21,3071,5.04,0.004,9.105,14.18
Teegarden's Star b,,,1.05,0.13,-0.12,,1.03,,,1,4.91,0.0252,0.0,1568.0,0.022,0.028,0.056,0.059,0,100,140.9,2.0,0.09,0.11,2904,,0.001,8.394,15.13
Teegarden's Star c,,,1.11,0.16,-0.15,,1.05,,,1,11.41,0.0443,0.0,507.4,0.022,0.028,0.056,0.059,100,100,105.3,1.6,0.09,0.11,2904,,0.001,8.394,15.13
TOI-1227 b,,,1086.0,,,1,9.37,0.75,-0.58,,27.36,0.0886,0.0,436.8,0.041,0.052,0.103,0.109,100,100,3.4,741.5,0.17,0.56,3072,,0.003,11.89,16.999
TOI-2257 b,,,4.94,,,1,2.15,0.11,-0.11,,35.19,0.145,0.496,775.4,0.089,0.113,0.221,0.233,79,88,34.3,2.3,0.33,0.31,3430,4.97,0.012,11.47,15.211
TOI-2285 b,,,3.66,,,1,1.7,0.08,-0.08,,27.27,0.1363,0.3,2109.4,0.139,0.176,0.341,0.36,12,58,24.3,1.4,0.45,0.46,3491,,0.029,9.86,13.403
TOI-700 d,,,2.11,,,1,1.12,0.06,-0.06,,37.42,0.1633,0.111,1186.2,0.125,0.158,0.307,0.324,63,100,2.5,0.7,0.41,0.42,3461,4.8,0.023,9.469,13.151
TRAPPIST-1 d,,,0.39,0.01,-0.01,,0.77,0.11,-0.01,,4.05,0.02227,0.0,1523.0,0.019,0.025,0.05,0.053,0,100,33.5,0.8,0.09,0.12,2566,5.24,0.001,11.354,17.02
TRAPPIST-1 e,,,0.69,0.02,-0.02,,0.9,0.013,-0.012,,6.1,0.02925,0.0,882.9,0.019,0.025,0.05,0.053,100,100,26.3,1.2,0.09,0.12,2566,5.24,0.001,11.354,17.02
TRAPPIST-1 f,,,1.04,0.03,-0.03,,1.02,0.013,-0.012,,9.21,0.03849,0.0,509.9,0.019,0.025,0.05,0.053,100,100,22.3,1.6,0.09,0.12,2566,5.24,0.001,11.354,17.02
TRAPPIST-1 g,,,1.32,0.04,-0.04,,1.11,0.02,-0.01,,12.35,0.04683,0.0,344.4,0.019,0.025,0.05,0.053,100,100,20.3,1.8,0.09,0.12,2566,5.24,0.001,11.354,17.02
WASP-41 c,,,1010.7,63.57,-63.57,,13.03,,,1,421.0,1.07,0.294,766.0,0.61,0.772,1.371,1.446,81,100,,94.5,0.93,0.87,5545,4.53,0.642,10.096,11.632
WASP-47 c,,,398.2,9.3,-9.3,,13.36,,,1,588.5,1.393,0.296,779.9,0.801,1.014,1.8,1.899,84,100,,31.0,1.04,1.14,5552,4.34,1.109,10.613,11.936
WASP-53 c,,,5196.52,270.16,-260.62,,12.08,,,1,2840.0,3.73,0.8369,33.8,0.461,0.583,1.058,1.116,3,4,,475.7,0.84,0.8,4953,4.55,0.344,10.959,12.591
Wolf 1061 c,,,3.41,0.43,-0.41,,1.6,,,1,17.87,0.089,0.11,1759.4,0.083,0.105,0.205,0.217,0,75,426.4,1.9,0.29,0.31,3342,,0.01,5.95,10.1
Wolf 1061 d,,,7.7,1.12,-1.06,,2.65,,,1,217.21,0.47,0.55,63.1,0.083,0.105,0.205,0.217,0,3,375.6,2.2,0.29,0.31,3342,,0.01,5.95,10.1
